store_product_id,store_product_name,blank_brand_model,fabric_or_material_text_from_printful,gsm_or_oz_if_stated_verbatim,fit_if_stated,print_method_if_stated,source_url_or_endpoint
471748988,Nailed Down Retro Unisex organic oversized high neck t-shirt,Stanley/Stella | SATU020 | Unisex Organic Oversized High Neck Blaster 2.0 T-Shirt | Stanley/Stella SATU020 (catalog id 823),"Upgrade your wardrobe with this oversized t-shirt made from 100% organic combed ring-spun cotton. It’s designed with dropped shoulders and a wide collar, making it perfect for everyday streetwear outfits.

• 100% organic combed ring-spun cotton
• Fabric weight: 5.9 oz./yd.² (200 g/m²)
• Oversized fit
• Set-in sleeves
• Dropped shoulders
• 1 × 1 rib at collar
• Self-fabric neck tape on the inside of the back
• The fabric of this product holds certifications for its organic cotton content under GOTS (Global Organic Textile Standard) and OCS (Organic Content Standard)
• Blank product sourced from Bangladesh

The sizes correspond to a bigger size in the European market, customers from that region should order a size down.",• Fabric weight: 5.9 oz./yd.² (200 g/m²),"Upgrade your wardrobe with this oversized t-shirt made from 100% organic combed ring-spun cotton. It’s designed with dropped shoulders and a wide collar, making it perfect for everyday streetwear outfits. | • Oversized fit","not stated per product [placement file types: back, default] [blank offers: DTG printing, Embroidery, DTF printing]",https://api.printful.com/store/products/471748988 ; https://api.printful.com/products/823
471748990,"Sesame Streetwear"" Graphic Tee | Premium Nostalgia Streetwear T-Shirt Unisex garment-dyed heavyweight t-shirt",Comfort Colors | 1717 | Unisex Garment-Dyed Heavyweight T-Shirt | Comfort Colors 1717 (catalog id 586),"If you’re looking for a thick, structured tee that’s also super soft and breathable—look no further! The unisex garment-dyed heavyweight t-shirt ticks all the boxes and is made of 100% ring-spun cotton. The regular t-shirt style will complement most looks and fit you to a tee.

• 100% ring-spun cotton
• Fabric weight: 6.1 oz/yd² (206.8 g/m²)
• Garment-dyed
• Relaxed fit
• 7/8″ double-needle topstitched collar
• Twill-taped neck and shoulders for extra durability
• Double-needle armhole, sleeve, and bottom hems
• Blank product sourced from Honduras",• Fabric weight: 6.1 oz/yd² (206.8 g/m²),"If you’re looking for a thick, structured tee that’s also super soft and breathable—look no further! The unisex garment-dyed heavyweight t-shirt ticks all the boxes and is made of 100% ring-spun cotton. The regular t-shirt style will complement most looks and fit you to a tee. | • Relaxed fit","DTF printing [placement file types: front_dtf] [blank offers: DTG printing, Embroidery, DTF printing]",https://api.printful.com/store/products/471748990 ; https://api.printful.com/products/586
471748991,Vetbros United Miltok T-Shirt | Veteran & Military TikTok Graphic Tee,Comfort Colors | 1717 | Unisex Garment-Dyed Heavyweight T-Shirt | Comfort Colors 1717 (catalog id 586),"If you’re looking for a thick, structured tee that’s also super soft and breathable—look no further! The unisex garment-dyed heavyweight t-shirt ticks all the boxes and is made of 100% ring-spun cotton. The regular t-shirt style will complement most looks and fit you to a tee.

• 100% ring-spun cotton
• Fabric weight: 6.1 oz/yd² (206.8 g/m²)
• Garment-dyed
• Relaxed fit
• 7/8″ double-needle topstitched collar
• Twill-taped neck and shoulders for extra durability
• Double-needle armhole, sleeve, and bottom hems
• Blank product sourced from Honduras",• Fabric weight: 6.1 oz/yd² (206.8 g/m²),"If you’re looking for a thick, structured tee that’s also super soft and breathable—look no further! The unisex garment-dyed heavyweight t-shirt ticks all the boxes and is made of 100% ring-spun cotton. The regular t-shirt style will complement most looks and fit you to a tee. | • Relaxed fit","DTF printing [placement file types: back_dtf, front_dtf] [blank offers: DTG printing, Embroidery, DTF printing]",https://api.printful.com/store/products/471748991 ; https://api.printful.com/products/586
471748993,"""Banana Clip Gang"" Oversized T-Shirt | Premium Urban Streetwear Graphic Tee",Bella + Canvas | 4810GD | Unisex Heavyweight Garment Dye Tee | Bella + Canvas 4810GD (catalog id 880),"This heavyweight oversized tee nails that laid-back streetwear look. Made from 100% cotton, it’s soft, structured, and perfect for layering or wearing solo. With a vintage-washed vibe, it’s made to stand out without trying too hard.

• 100% ring-spun cotton
• Fabric weight: 6.5 oz./yd.² (220.4 g/m²)
• Oversized fit
• Trendy vintage look
• Blank product sourced from Nicaragua",• Fabric weight: 6.5 oz./yd.² (220.4 g/m²),"This heavyweight oversized tee nails that laid-back streetwear look. Made from 100% cotton, it’s soft, structured, and perfect for layering or wearing solo. With a vintage-washed vibe, it’s made to stand out without trying too hard. | • Oversized fit","not stated per product [placement file types: default] [blank offers: DTG printing, Embroidery]",https://api.printful.com/store/products/471748993 ; https://api.printful.com/products/880
471748994,Crown and Concrete Embroidered Women's Columbia Fleece Vest | Cute Logo,UNVERIFIED: blank product_id 626 (Columbia Women's Fleece Vest) - catalog endpoint returned 404,,,,,https://api.printful.com/store/products/471748994 ; https://api.printful.com/products/626
471748996,Lava Lord Oversized Hoodie | Premium Heavyweight Unisex Streetwear,(no brand listed) | All-Over Print Unisex Cotton Hoodie | All-Over Print Unisex Cotton Hoodie (catalog id 1419),"This premium hoodie blends comfort with style. Its relaxed fit and soft cotton fabric make it perfect for casual looks, while the all-over print design lets you create unique and eye-catching styles.

• 95% cotton, 5% elastane
• Fabric weight: 7.8 oz./yd.² (265 g/m²)
• Relaxed unisex fit with drop shoulders
• Double-layer hood with drawstrings
• Spacious front pocket
• Self-fabric collar and cuffs
• Blank product sourced from Mexico",• Fabric weight: 7.8 oz./yd.² (265 g/m²),"This premium hoodie blends comfort with style. Its relaxed fit and soft cotton fabric make it perfect for casual looks, while the all-over print design lets you create unique and eye-catching styles. | • Relaxed unisex fit with drop shoulders","DTFabric [placement file types: back_dtfabric, front_dtfabric, hood_dtfabric, label_inside_dtfabric, label_panel_dtfabric, pocket_dtfabric, sleeve_left_dtfabric, sleeve_right_dtfabric] [blank offers: All-over cotton]",https://api.printful.com/store/products/471748996 ; https://api.printful.com/products/1419
471748997,"Lava Ashes"" Longsleeve T-Shirt Unisex cotton sweatshirt retro y2k",(no brand listed) | All-Over Print Unisex Cotton Sweatshirt | All-Over Print Unisex Cotton Sweatshirt (catalog id 1418),"Soft, stretchy, and made to last – this cotton sweatshirt blends comfort and quality for effortless everyday style for all body types. Its clean shape and breathable fabric make it a go-to piece for casual outfits or standout streetwear designs.

• 95% cotton, 5% elastane
• Fabric weight: 7.8 oz./yd.² (265 g/m²)
• Relaxed fit with drop shoulder
• Slight stretch for comfort and shape retention
• Pilling-resistant and durable after multiple washes
• Blank product sourced from Mexico",• Fabric weight: 7.8 oz./yd.² (265 g/m²),• Relaxed fit with drop shoulder,"DTFabric [placement file types: back_dtfabric, front_dtfabric, label_inside_dtfabric, label_panel_dtfabric, sleeve_left_dtfabric, sleeve_right_dtfabric] [blank offers: All-over cotton]",https://api.printful.com/store/products/471748997 ; https://api.printful.com/products/1418
471748998,Kings of the Coast Tie-Dye Tee | Premium Embroidered Design Oversized Tie-Dye T-Shirt,Shaka Wear | SHHTDS | Unisex Oversized Tie-Dye T-Shirt | Shaka Wear SHHTDS (catalog id 515),"Meet your next streetwear essential—the oversized tie-dye t-shirt. The tee has a cool, relaxed fit and is highly durable thanks to its heavyweight cotton material. Join the tie-dye trend and order it for yourself today.

• 100% US grown cotton
•  Fabric weight: 7.5 oz/yd² (254 g/m²)
•  Oversized fit
•  Ribbed neck
•  Blank product sourced from Honduras",•  Fabric weight: 7.5 oz/yd² (254 g/m²),"Meet your next streetwear essential—the oversized tie-dye t-shirt. The tee has a cool, relaxed fit and is highly durable thanks to its heavyweight cotton material. Join the tie-dye trend and order it for yourself today. | •  Oversized fit","Embroidery [placement file types: embroidery_large_center] [blank offers: Embroidery, DTF printing]",https://api.printful.com/store/products/471748998 ; https://api.printful.com/products/515
471749000,Wavy Tings Women’s Crop Top,AS Colour | 4062 | Women's Crop Top | AS Colour 4062 (catalog id 636),"This crop top is made of 100% combed cotton, which makes the shirt extremely soft and more durable than regular cotton shirts. The relaxed fit and dropped shoulders ensure comfortable wear, while the cropped length makes it perfect for spring and summer.

• 100% combed cotton 
• Heather colors are 15% viscose and 85% cotton
• Fabric weight: 5.3 oz/yd² (180 g/m²)
• Relaxed fit
• Cropped length
• Ribbed crew neck 
• Dropped shoulders
• Side-seamed construction
• Shoulder-to-shoulder taping
• Double-needle hems
• Preshrunk
• Blank product sourced from Bangladesh",• Fabric weight: 5.3 oz/yd² (180 g/m²),"This crop top is made of 100% combed cotton, which makes the shirt extremely soft and more durable than regular cotton shirts. The relaxed fit and dropped shoulders ensure comfortable wear, while the cropped length makes it perfect for spring and summer. | • Relaxed fit","not stated per product [placement file types: default] [blank offers: DTG printing, Embroidery, DTF printing]",https://api.printful.com/store/products/471749000 ; https://api.printful.com/products/636
471749001,Monster In Us All Oversized faded t-shirt,AS Colour | 5082 | Men's Oversized Faded T-Shirt | AS Colour 5082 (catalog id 713),"Embrace the versatility of the Oversized faded t-shirt, designed for those who appreciate the art of layering and creating unique outfits that effortlessly fuse modern trends with a hint of nostalgia. Its loose fit allows you to play with textures and proportions, giving you the freedom to express your personality through your style.

• 100% carded cotton
• Fabric weight: 7.1 oz. /yd. ² (240 g/m²)
• Garment-dyed, pre-shrunk fabric
• Boxy, oversized fit
• Dropped shoulders
• Wide neck ribbing
• Tear-away label
• Blank product sourced from China",• Fabric weight: 7.1 oz. /yd. ² (240 g/m²),"Embrace the versatility of the Oversized faded t-shirt, designed for those who appreciate the art of layering and creating unique outfits that effortlessly fuse modern trends with a hint of nostalgia. Its loose fit allows you to play with textures and proportions, giving you the freedom to express your personality through your style. | • Boxy, oversized fit","DTF printing [placement file types: front_dtf] [blank offers: DTG printing, Embroidery, DTF printing]",https://api.printful.com/store/products/471749001 ; https://api.printful.com/products/713
471749003,Crown and Concrete Repeated Pattern T-Shirt | Men's All-Over Print Cotton Crew Neck,(no brand listed) | All-Over Print Men’s Cotton Crew Neck T-Shirt | All-Over Print Men’s Cotton Crew Neck T-Shirt (catalog id 1414),"This cotton t-shirt combines clean structure with long-lasting comfort. The soft, midweight fabric keeps its shape and feels great from the first wear to the hundredth. A reliable staple for streetwear, loungewear, or everyday looks.

• 96% cotton, 4% elastane
• Midweight fabric: 5.6 oz./yd.² (189 g/m²)
• Regular fit
• Slight stretch for ease and fit retention
• Pilling-resistant and built to last
• Blank product sourced from Mexico",• Midweight fabric: 5.6 oz./yd.² (189 g/m²),• Regular fit | • Slight stretch for ease and fit retention,"DTFabric [placement file types: back_dtfabric, front_dtfabric, sleeve_left_dtfabric, sleeve_right_dtfabric] [blank offers: All-over cotton]",https://api.printful.com/store/products/471749003 ; https://api.printful.com/products/1414
471749008,Monster From Within Unisex Garment-Dyed Hoodie,Comfort Colors | 1567 | Unisex Garment-Dyed Hooded Sweatshirt I Comfort Colors 1567 (catalog id 970),"Slip into everyday comfort with this garment-dyed hoodie. Its soft ring-spun cotton blend and relaxed fit make it an easy favorite for layering or lounging. The washed-in colors give it that perfectly worn-in look you’ll reach for again and again.

• 80% ring-spun cotton, 20% polyester
• Fabric weight: 9.5 oz./yd.² (322 g/m²)
• 100% ring-spun cotton face
• Relaxed fit
• Color-matching flat drawcord
• Front pouch pocket
• Blank product sourced from El Salvador",• Fabric weight: 9.5 oz./yd.² (322 g/m²),Slip into everyday comfort with this garment-dyed hoodie. Its soft ring-spun cotton blend and relaxed fit make it an easy favorite for layering or lounging. The washed-in colors give it that perfectly worn-in look you’ll reach for again and again. | • Relaxed fit,"not stated per product [placement file types: back_large, default, sleeve_right] [blank offers: DTG printing, Embroidery]",https://api.printful.com/store/products/471749008 ; https://api.printful.com/products/970
471749026,Virginia Bred Allstars Unisex lightweight zip up windbreaker,Independent Trading Co. | EXP54LWZ | Unisex Lightweight Zip Up Windbreaker | Independent Trading Co. EXP54LWZ (catalog id 629),"Light as a feather, this jacket is your go-to windbreaker for any outside adventure. Pack it in your travel bag and explore the outdoors protected and dry (did we mention it’s water-resistant?).

• 100% polyester 
• Interior water-resistant coating
• Waterproof pressure resistance: 600 mm
• Fabric weight: 2.5 oz/yd² (84.8 g/m²)
• Regular, comfortable fit
• Matte finish eyelets and zippers
• Rubber zipper pull tab
• Reversed zipper tape
• Three-panel hood with a fine mesh liner
• Scuba neck
• Self-fabric neck tape
• Welt pockets with mesh pocket bags
• Tightening toggle for the waistband
• Elastic cuffs
• Blank product sourced from China

Important: This product is available only in the US, except for US territories such as Puerto Rico, Guam, the US Virgin Islands, American Samoa, and Northern Mariana Islands.",• Fabric weight: 2.5 oz/yd² (84.8 g/m²),"• Regular, comfortable fit","not stated per product [placement file types: back, default] [blank offers: DTF printing]",https://api.printful.com/store/products/471749026 ; https://api.printful.com/products/629
471749035,VA Made Me  Tech Joggers Men's fleece shorts,Independent Trading Co. | IND20SRT | Men's Fleece Shorts | Independent Trading Co. IND20SRT (catalog id 482),"The men’s fleece shorts are soft, comfy, and great for lounging indoors or going out. The shorts have 1 back pocket, 2 jersey-lined hand pockets, and an elastic waistband with a shoestring drawcord.

• 80% ring-spun cotton, 20% Polyester
• Grey Heather is 52% ring-spun cotton and 48% polyester
• 100% cotton face yarn
• 32 singles
• Fabric weight: 8.5 oz/yd² (280 g/m²)
• Relaxed fit
• Sewn eyelets
• Sewn fly detail
• Elastic waistband with shoestring drawcord
• Back pocket 
• Jersey-lined hand pockets
• Tapered knee opening",• Fabric weight: 8.5 oz/yd² (280 g/m²),• Relaxed fit,"not stated per product [placement file types: front_left_leg, front_right_leg] [blank offers: DTG printing, Embroidery]",https://api.printful.com/store/products/471749035 ; https://api.printful.com/products/482
471749042,"VA Made Me Heavyweight Fleece Sweatpants – Zip Pockets, Cuffed Ankles Urban Sweatpants",Lane Seven | LS16006 | Unisex Urban Sweatpants | Lane Seven LS16006 (catalog id 1398),"These heavyweight fleece sweatpants deliver comfort and structure with a relaxed fit. Designed for durability and daily wear, they feature secure zipped pockets and a smooth finish that elevates any casual look.

• 80% cotton, 20% recycled polyester
• Heavyweight fabric: 10 oz./yd² (340 g/m²)
• Relaxed fit with elastic waistband and cuffs
• Zipped side pockets for added security
• Metal-tipped drawcords
• Blank product sourced from Pakistan",• Heavyweight fabric: 10 oz./yd² (340 g/m²),"These heavyweight fleece sweatpants deliver comfort and structure with a relaxed fit. Designed for durability and daily wear, they feature secure zipped pockets and a smooth finish that elevates any casual look. | • Relaxed fit with elastic waistband and cuffs","not stated per product [placement file types: back_left_leg, front_left_leg, front_right_leg] [blank offers: DTG printing, DTF printing]",https://api.printful.com/store/products/471749042 ; https://api.printful.com/products/1398
471749043,VA Made Me Gridiron Jersey – Home/Away American football jersey,(no brand listed) | All-Over Print American Football Jersey | All-Over Print American Football Jersey (catalog id 918),"This breathable mesh jersey stays light, even in heat or crowds. The loose fit and side slits give plenty of room to move, making it a comfortable choice for everyday outfits, festivals, or layering in hot weather.

• 100% polyester
• Fabric weight: 7.23 oz./yd. (245 g/m²)
• Knit heavyweight tricot mesh fabric
• Loose fit
• Heavy ribbed collar
• Side slits
• Breathable and moisture-wicking
• The fabric of this product is OEKO-TEX Standard 100-certified
• Blank product materials sourced from China

Disclaimer: Size down if your body measurements fall between sizes.",• Fabric weight: 7.23 oz./yd. (245 g/m²),"This breathable mesh jersey stays light, even in heat or crowds. The loose fit and side slits give plenty of room to move, making it a comfortable choice for everyday outfits, festivals, or layering in hot weather. | • Loose fit","not stated per product [placement file types: back, default, label_outside_back, label_outside_front, sleeve_left, sleeve_right, yoke] [blank offers: All-over synthetic]",https://api.printful.com/store/products/471749043 ; https://api.printful.com/products/918
471749044,Electric Blue Vortex T Shirt | Star Graphic Men’s Cotton Crew Neck T-Shirt,(no brand listed) | All-Over Print Men’s Cotton Crew Neck T-Shirt | All-Over Print Men’s Cotton Crew Neck T-Shirt (catalog id 1414),"This cotton t-shirt combines clean structure with long-lasting comfort. The soft, midweight fabric keeps its shape and feels great from the first wear to the hundredth. A reliable staple for streetwear, loungewear, or everyday looks.

• 96% cotton, 4% elastane
• Midweight fabric: 5.6 oz./yd.² (189 g/m²)
• Regular fit
• Slight stretch for ease and fit retention
• Pilling-resistant and built to last
• Blank product sourced from Mexico",• Midweight fabric: 5.6 oz./yd.² (189 g/m²),• Regular fit | • Slight stretch for ease and fit retention,"DTFabric [placement file types: back_dtfabric, front_dtfabric, sleeve_left_dtfabric, sleeve_right_dtfabric] [blank offers: All-over cotton]",https://api.printful.com/store/products/471749044 ; https://api.printful.com/products/1414
471749045,Psychedelic Blue Vortex Star Hoodie – Streetwear Pullover Unisex cotton hoodie,(no brand listed) | All-Over Print Unisex Cotton Hoodie | All-Over Print Unisex Cotton Hoodie (catalog id 1419),"This premium hoodie blends comfort with style. Its relaxed fit and soft cotton fabric make it perfect for casual looks, while the all-over print design lets you create unique and eye-catching styles.

• 95% cotton, 5% elastane
• Fabric weight: 7.8 oz./yd.² (265 g/m²)
• Relaxed unisex fit with drop shoulders
• Double-layer hood with drawstrings
• Spacious front pocket
• Self-fabric collar and cuffs
• Blank product sourced from Mexico",• Fabric weight: 7.8 oz./yd.² (265 g/m²),"This premium hoodie blends comfort with style. Its relaxed fit and soft cotton fabric make it perfect for casual looks, while the all-over print design lets you create unique and eye-catching styles. | • Relaxed unisex fit with drop shoulders","DTFabric [placement file types: back_dtfabric, front_dtfabric, hood_dtfabric, label_inside_dtfabric, label_panel_dtfabric, pocket_dtfabric, sleeve_left_dtfabric, sleeve_right_dtfabric] [blank offers: All-over cotton]",https://api.printful.com/store/products/471749045 ; https://api.printful.com/products/1419
471749046,WWIII HEAT SEEKERS Men’s lace-up canvas shoes,(no brand listed) | Shoes | Men's | Lace-Up | Canvas | Men's Lace-Up Canvas Shoes (catalog id 578),"Effortless style combined with everyday versatility. Thanks to the breathable lining and soft insole, these men’s lace-up canvas shoes will withstand even the wildest nights with friends. 

• 100% polyester canvas upper side
• Ethylene-vinyl acetate (EVA) rubber outsole
• Breathable lining
• Padded collar and tongue 
• Removable insole
• Soles and laces in matching colors
• Blank product sourced from China

Important: This product is available in the following countries: United States, Canada, Australia, United Kingdom, New Zealand, Japan, Austria, Andorra, Belgium, Bulgaria, Croatia, Czech Republic, Denmark, Estonia, Finland, France, Germany, Greece, Holy See (Vatican city), Hungary, Iceland, Ireland, Italy, Latvia, Lithuania, Liechtenstein, Luxemburg, Malta, Monaco, Netherlands, Norway, Poland, Portugal, San Marino, Slovakia, Slovenia, Switzerland, Spain, Sweden, and Turkey. If your shipping address is outside these countries, please choose a different product.",,,"not stated per product [placement file types: shoe_quarters_left, shoe_quarters_right, shoe_tongue_left, shoe_tongue_right] [blank offers: Sublimation]",https://api.printful.com/store/products/471749046 ; https://api.printful.com/products/578
471749047,Xray Flower Power All-over print bandana,(no brand listed) | All-Over Print Bandana | All-Over Print Bandana (catalog id 630),"Get ready to make a statement with this all-over print bandana. Mix up your outfits by using this as a headband, necktie, or armband. In fact, why not get a second bandana to match your pet? Grab a few and hit the streets in style!

• Fabric composition in the EU: 65% recycled polyester, 35% polyester
• Fabric composition in the US: 100% recycled polyester
• Fabric weight in the EU: 2.95 oz./yd.² (100 g/m²)
• Fabric weight in the US: 3.24 oz./yd.² (110 g/m²)
• Fabric specifications in the EU: Breathable; moisture-wicking material with UPF50+ protection
• Lightweight and soft to the touch
• Double-folded edges
• Single-sided print
• Multifunctional 
• The fabric is OEKO-TEX 100 standard certified
• The recycled content of this product is certified under GRS (Global Recycled Standard)
• Blank product components sourced from China/Mexico

Important sizing information: the smallest bandana size is made for small pets and won’t fit a grown-up. Please choose the medium or large size if you’re ordering for a grown-up.",• Fabric weight in the EU: 2.95 oz./yd.² (100 g/m²) | • Fabric weight in the US: 3.24 oz./yd.² (110 g/m²),Important sizing information: the smallest bandana size is made for small pets and won’t fit a grown-up. Please choose the medium or large size if you’re ordering for a grown-up.,"not stated per product [placement file types: default, label_inside] [blank offers: All-over synthetic]",https://api.printful.com/store/products/471749047 ; https://api.printful.com/products/630
471749048,Crossed Up Unisex track pants,(no brand listed) | All-Over Print Unisex Track Pants | All-Over Print Unisex Track Pants (catalog id 618),"The unisex track pants are your new go-to piece for working out or styling a streetwear outfit. The water-resistant, lightweight fabric and mesh lining provide comfort, while elastic ankle cuffs will make it easy for you to show off your kicks. Style it with a windbreaker for a complete look and feel.

• 100% polyester
• Fabric weight: 2.21 oz/yd² (75 g/m²)
• Lightweight, water-resistant fabric
• Fully lined, mesh lining 
• Relaxed fit
• Elastic waistband and ankle cuffs
• Drawcord
• Zip pockets
• Sits at hip
• Blank product sourced from China",• Fabric weight: 2.21 oz/yd² (75 g/m²),• Relaxed fit,"not stated per product [placement file types: back, default] [blank offers: All-over synthetic]",https://api.printful.com/store/products/471749048 ; https://api.printful.com/products/618
471749050,Trippy Melted Camo Soup Unisex Garment-Dyed Lightweight Hoodie,Comfort Colors | 1467 | Unisex Garment-Dyed Lightweight Fleece Hooded Sweatshirt I Comfort Colors 1467 (catalog id 969),"Add a touch of vintage comfort to your everyday rotation with this soft, relaxed hoodie. Made from 100% ring-spun cotton, it offers a worn-in feel and lived-in color thanks to its garment-dyed finish. Perfect for layering or lounging, this sweatshirt blends casual comfort with timeless style.

• 100% ring-spun cotton
• Lightweight fabric: 6.4 oz./yd.² (217 g/m²)
• Relaxed fit
• Seamless-body
• Natural-colored flat drawcord (white drawcord on White color)
• Ribbed cuffs and waistband
• The fabric of this product is OEKO-TEX Standard 100 certified
• Blank product sourced from El Salvador",• Lightweight fabric: 6.4 oz./yd.² (217 g/m²),"Add a touch of vintage comfort to your everyday rotation with this soft, relaxed hoodie. Made from 100% ring-spun cotton, it offers a worn-in feel and lived-in color thanks to its garment-dyed finish. Perfect for layering or lounging, this sweatshirt blends casual comfort with timeless style. | • Relaxed fit","not stated per product [placement file types: back_large, front_large] [blank offers: DTG printing, Embroidery]",https://api.printful.com/store/products/471749050 ; https://api.printful.com/products/969
471749051,Urban Siege – Hustler Dior Oversized Combat Tee,AS Colour | 5082 | Men's Oversized Faded T-Shirt | AS Colour 5082 (catalog id 713),"Embrace the versatility of the Oversized faded t-shirt, designed for those who appreciate the art of layering and creating unique outfits that effortlessly fuse modern trends with a hint of nostalgia. Its loose fit allows you to play with textures and proportions, giving you the freedom to express your personality through your style.

• 100% carded cotton
• Fabric weight: 7.1 oz. /yd. ² (240 g/m²)
• Garment-dyed, pre-shrunk fabric
• Boxy, oversized fit
• Dropped shoulders
• Wide neck ribbing
• Tear-away label
• Blank product sourced from China",• Fabric weight: 7.1 oz. /yd. ² (240 g/m²),"Embrace the versatility of the Oversized faded t-shirt, designed for those who appreciate the art of layering and creating unique outfits that effortlessly fuse modern trends with a hint of nostalgia. Its loose fit allows you to play with textures and proportions, giving you the freedom to express your personality through your style. | • Boxy, oversized fit","DTF printing [placement file types: back_dtf, front_dtf] [blank offers: DTG printing, Embroidery, DTF printing]",https://api.printful.com/store/products/471749051 ; https://api.printful.com/products/713
471749052,HUSTLER DIOR “VA Nightfall” Oversized Tee,AS Colour | 5082 | Men's Oversized Faded T-Shirt | AS Colour 5082 (catalog id 713),"Embrace the versatility of the Oversized faded t-shirt, designed for those who appreciate the art of layering and creating unique outfits that effortlessly fuse modern trends with a hint of nostalgia. Its loose fit allows you to play with textures and proportions, giving you the freedom to express your personality through your style.

• 100% carded cotton
• Fabric weight: 7.1 oz. /yd. ² (240 g/m²)
• Garment-dyed, pre-shrunk fabric
• Boxy, oversized fit
• Dropped shoulders
• Wide neck ribbing
• Tear-away label
• Blank product sourced from China",• Fabric weight: 7.1 oz. /yd. ² (240 g/m²),"Embrace the versatility of the Oversized faded t-shirt, designed for those who appreciate the art of layering and creating unique outfits that effortlessly fuse modern trends with a hint of nostalgia. Its loose fit allows you to play with textures and proportions, giving you the freedom to express your personality through your style. | • Boxy, oversized fit","DTF printing [placement file types: back_dtf, front_dtf] [blank offers: DTG printing, Embroidery, DTF printing]",https://api.printful.com/store/products/471749052 ; https://api.printful.com/products/713
471749053,Kings of The Coast Longsleeve Heavyweight Long Sleeve Shirt,AS Colour | 5081 | Unisex Premium Heavyweight Long Sleeve Shirt | AS Colour 5081 (catalog id 748),"Freshen up your wardrobe with this modern, premium long sleeve shirt. Its heavyweight fabric and relaxed fit ensure it’s not just any sweatshirt but your go-to for every occasion. Wrap yourself in the comfort of 100% carded cotton and make your everyday style look effortless.

• 100% carded cotton
• Fabric weight: 8.2 oz./yd.² (278 g/m²) 
• Yarn diameter: 26 singles
• Relaxed fit
• Side-seamed construction
• Wide neck and cuff ribbing
• Double-needle stitch on hems
• Preshrunk to minimize shrinkage
• Blank product sourced from Bangladesh",• Fabric weight: 8.2 oz./yd.² (278 g/m²),"Freshen up your wardrobe with this modern, premium long sleeve shirt. Its heavyweight fabric and relaxed fit ensure it’s not just any sweatshirt but your go-to for every occasion. Wrap yourself in the comfort of 100% carded cotton and make your everyday style look effortless. | • Relaxed fit","DTF printing [placement file types: back_dtf, front_dtf, long_sleeve_left_dtf] [blank offers: DTG printing, Embroidery, DTF printing]",https://api.printful.com/store/products/471749053 ; https://api.printful.com/products/748
471749054,Knife Hand Trajectory Oversized faded t-shirt,AS Colour | 5082 | Men's Oversized Faded T-Shirt | AS Colour 5082 (catalog id 713),"Embrace the versatility of the Oversized faded t-shirt, designed for those who appreciate the art of layering and creating unique outfits that effortlessly fuse modern trends with a hint of nostalgia. Its loose fit allows you to play with textures and proportions, giving you the freedom to express your personality through your style.

• 100% carded cotton
• Fabric weight: 7.1 oz. /yd. ² (240 g/m²)
• Garment-dyed, pre-shrunk fabric
• Boxy, oversized fit
• Dropped shoulders
• Wide neck ribbing
• Tear-away label
• Blank product sourced from China",• Fabric weight: 7.1 oz. /yd. ² (240 g/m²),"Embrace the versatility of the Oversized faded t-shirt, designed for those who appreciate the art of layering and creating unique outfits that effortlessly fuse modern trends with a hint of nostalgia. Its loose fit allows you to play with textures and proportions, giving you the freedom to express your personality through your style. | • Boxy, oversized fit","DTF printing [placement file types: front_dtf] [blank offers: DTG printing, Embroidery, DTF printing]",https://api.printful.com/store/products/471749054 ; https://api.printful.com/products/713
471749056,Tarot Card Stacking™ Graphic Tee – Streetwear Tarot Aesthetic Unisex Organic Oversized High Neck T-Shirt,Stanley/Stella | SATU020 | Unisex Organic Oversized High Neck Blaster 2.0 T-Shirt | Stanley/Stella SATU020 (catalog id 823),"Upgrade your wardrobe with this oversized t-shirt made from 100% organic combed ring-spun cotton. It’s designed with dropped shoulders and a wide collar, making it perfect for everyday streetwear outfits.

• 100% organic combed ring-spun cotton
• Fabric weight: 5.9 oz./yd.² (200 g/m²)
• Oversized fit
• Set-in sleeves
• Dropped shoulders
• 1 × 1 rib at collar
• Self-fabric neck tape on the inside of the back
• The fabric of this product holds certifications for its organic cotton content under GOTS (Global Organic Textile Standard) and OCS (Organic Content Standard)
• Blank product sourced from Bangladesh

The sizes correspond to a bigger size in the European market, customers from that region should order a size down.",• Fabric weight: 5.9 oz./yd.² (200 g/m²),"Upgrade your wardrobe with this oversized t-shirt made from 100% organic combed ring-spun cotton. It’s designed with dropped shoulders and a wide collar, making it perfect for everyday streetwear outfits. | • Oversized fit","not stated per product [placement file types: back, default] [blank offers: DTG printing, Embroidery, DTF printing]",https://api.printful.com/store/products/471749056 ; https://api.printful.com/products/823
471749057,Jokers Paradise Men’s box tee,Cotton Heritage | MC1087 | Men's Box Tee | Cotton Heritage MC1087 (catalog id 917),"Want a tee with a flattering fit and sturdy construction? Look no further. Men’s boxy tee is the best choice for relaxed streetwear looks and layering. With a reinforced neckline and luxe feel, this shirt will be your go-to choice season after season.

• 100% combed ring-spun cotton
• Fabric weight: 7 oz./yd.² (237.34 g/m²)
• Oversized relaxed fit
• Drop shoulder sleeves
• Ribbed collar reinforced neckline
• Blank product sourced from Bangladesh",• Fabric weight: 7 oz./yd.² (237.34 g/m²),"Want a tee with a flattering fit and sturdy construction? Look no further. Men’s boxy tee is the best choice for relaxed streetwear looks and layering. With a reinforced neckline and luxe feel, this shirt will be your go-to choice season after season. | • Oversized relaxed fit","not stated per product [placement file types: back, default] [blank offers: DTG printing, Embroidery, DTF printing]",https://api.printful.com/store/products/471749057 ; https://api.printful.com/products/917
471749059,Oversized faded t-shirt,AS Colour | 5082 | Men's Oversized Faded T-Shirt | AS Colour 5082 (catalog id 713),"Embrace the versatility of the Oversized faded t-shirt, designed for those who appreciate the art of layering and creating unique outfits that effortlessly fuse modern trends with a hint of nostalgia. Its loose fit allows you to play with textures and proportions, giving you the freedom to express your personality through your style.

• 100% carded cotton
• Fabric weight: 7.1 oz. /yd. ² (240 g/m²)
• Garment-dyed, pre-shrunk fabric
• Boxy, oversized fit
• Dropped shoulders
• Wide neck ribbing
• Tear-away label
• Blank product sourced from China",• Fabric weight: 7.1 oz. /yd. ² (240 g/m²),"Embrace the versatility of the Oversized faded t-shirt, designed for those who appreciate the art of layering and creating unique outfits that effortlessly fuse modern trends with a hint of nostalgia. Its loose fit allows you to play with textures and proportions, giving you the freedom to express your personality through your style. | • Boxy, oversized fit","DTF printing [placement file types: back_dtf, front_dtf] [blank offers: DTG printing, Embroidery, DTF printing]",https://api.printful.com/store/products/471749059 ; https://api.printful.com/products/713
471749060,Collage The Halls Unisex organic oversized high neck t-shirt,Stanley/Stella | SATU020 | Unisex Organic Oversized High Neck Blaster 2.0 T-Shirt | Stanley/Stella SATU020 (catalog id 823),"Upgrade your wardrobe with this oversized t-shirt made from 100% organic combed ring-spun cotton. It’s designed with dropped shoulders and a wide collar, making it perfect for everyday streetwear outfits.

• 100% organic combed ring-spun cotton
• Fabric weight: 5.9 oz./yd.² (200 g/m²)
• Oversized fit
• Set-in sleeves
• Dropped shoulders
• 1 × 1 rib at collar
• Self-fabric neck tape on the inside of the back
• The fabric of this product holds certifications for its organic cotton content under GOTS (Global Organic Textile Standard) and OCS (Organic Content Standard)
• Blank product sourced from Bangladesh

The sizes correspond to a bigger size in the European market, customers from that region should order a size down.",• Fabric weight: 5.9 oz./yd.² (200 g/m²),"Upgrade your wardrobe with this oversized t-shirt made from 100% organic combed ring-spun cotton. It’s designed with dropped shoulders and a wide collar, making it perfect for everyday streetwear outfits. | • Oversized fit","not stated per product [placement file types: back, default] [blank offers: DTG printing, Embroidery, DTF printing]",https://api.printful.com/store/products/471749060 ; https://api.printful.com/products/823
471749061,Swerve On Em Oversized faded t-shirt,AS Colour | 5082 | Men's Oversized Faded T-Shirt | AS Colour 5082 (catalog id 713),"Embrace the versatility of the Oversized faded t-shirt, designed for those who appreciate the art of layering and creating unique outfits that effortlessly fuse modern trends with a hint of nostalgia. Its loose fit allows you to play with textures and proportions, giving you the freedom to express your personality through your style.

• 100% carded cotton
• Fabric weight: 7.1 oz. /yd. ² (240 g/m²)
• Garment-dyed, pre-shrunk fabric
• Boxy, oversized fit
• Dropped shoulders
• Wide neck ribbing
• Tear-away label
• Blank product sourced from China",• Fabric weight: 7.1 oz. /yd. ² (240 g/m²),"Embrace the versatility of the Oversized faded t-shirt, designed for those who appreciate the art of layering and creating unique outfits that effortlessly fuse modern trends with a hint of nostalgia. Its loose fit allows you to play with textures and proportions, giving you the freedom to express your personality through your style. | • Boxy, oversized fit","DTF printing [placement file types: back_dtf, front_dtf] [blank offers: DTG printing, Embroidery, DTF printing]",https://api.printful.com/store/products/471749061 ; https://api.printful.com/products/713
471749062,Hustler Dior: “Virginia Legends” — Oversized TeeUnisex organic oversized high neck t-shirt,Stanley/Stella | SATU020 | Unisex Organic Oversized High Neck Blaster 2.0 T-Shirt | Stanley/Stella SATU020 (catalog id 823),"Upgrade your wardrobe with this oversized t-shirt made from 100% organic combed ring-spun cotton. It’s designed with dropped shoulders and a wide collar, making it perfect for everyday streetwear outfits.

• 100% organic combed ring-spun cotton
• Fabric weight: 5.9 oz./yd.² (200 g/m²)
• Oversized fit
• Set-in sleeves
• Dropped shoulders
• 1 × 1 rib at collar
• Self-fabric neck tape on the inside of the back
• The fabric of this product holds certifications for its organic cotton content under GOTS (Global Organic Textile Standard) and OCS (Organic Content Standard)
• Blank product sourced from Bangladesh

The sizes correspond to a bigger size in the European market, customers from that region should order a size down.",• Fabric weight: 5.9 oz./yd.² (200 g/m²),"Upgrade your wardrobe with this oversized t-shirt made from 100% organic combed ring-spun cotton. It’s designed with dropped shoulders and a wide collar, making it perfect for everyday streetwear outfits. | • Oversized fit","not stated per product [placement file types: back, default] [blank offers: DTG printing, Embroidery, DTF printing]",https://api.printful.com/store/products/471749062 ; https://api.printful.com/products/823
471749067,Hustler Dior: “Raise the Flag” — Oversized Department of War Tee,Stanley/Stella | SATU020 | Unisex Organic Oversized High Neck Blaster 2.0 T-Shirt | Stanley/Stella SATU020 (catalog id 823),"Upgrade your wardrobe with this oversized t-shirt made from 100% organic combed ring-spun cotton. It’s designed with dropped shoulders and a wide collar, making it perfect for everyday streetwear outfits.

• 100% organic combed ring-spun cotton
• Fabric weight: 5.9 oz./yd.² (200 g/m²)
• Oversized fit
• Set-in sleeves
• Dropped shoulders
• 1 × 1 rib at collar
• Self-fabric neck tape on the inside of the back
• The fabric of this product holds certifications for its organic cotton content under GOTS (Global Organic Textile Standard) and OCS (Organic Content Standard)
• Blank product sourced from Bangladesh

The sizes correspond to a bigger size in the European market, customers from that region should order a size down.",• Fabric weight: 5.9 oz./yd.² (200 g/m²),"Upgrade your wardrobe with this oversized t-shirt made from 100% organic combed ring-spun cotton. It’s designed with dropped shoulders and a wide collar, making it perfect for everyday streetwear outfits. | • Oversized fit","not stated per product [placement file types: back, default] [blank offers: DTG printing, Embroidery, DTF printing]",https://api.printful.com/store/products/471749067 ; https://api.printful.com/products/823
471749068,Raise the Flags Department Of War Unisex Sports Jersey,SOL'S | 11939 | Unisex Sports Jersey | SOL'S 11939 (catalog id 715),"Made with 100% breathable polyester mesh, this unisex sports jersey provides optimal ventilation and comfort during intense workouts or leisure activities. The jersey’s relaxed fit and extended length offer extra coverage, while the binding on the collar ensures long-lasting durability and a polished look.

• 100% breathable polyester (mesh)
• Fabric weight: 4.13 oz./yd² (140 g/m²)
• Relaxed fit
• Elastic and durable
• Side-seamed construction
• Extended length
• Short raglan sleeves
• Binding on collar
• Classic round neckline	
• Blank product sourced from China",• Fabric weight: 4.13 oz./yd² (140 g/m²),"Made with 100% breathable polyester mesh, this unisex sports jersey provides optimal ventilation and comfort during intense workouts or leisure activities. The jersey’s relaxed fit and extended length offer extra coverage, while the binding on the collar ensures long-lasting durability and a polished look. | • Relaxed fit","DTF printing [placement file types: back_dtf, front_dtf] [blank offers: DTF printing, Embroidery]",https://api.printful.com/store/products/471749068 ; https://api.printful.com/products/715
471749069,POW from the DOW Oversized faded t-shirt,AS Colour | 5082 | Men's Oversized Faded T-Shirt | AS Colour 5082 (catalog id 713),"Embrace the versatility of the Oversized faded t-shirt, designed for those who appreciate the art of layering and creating unique outfits that effortlessly fuse modern trends with a hint of nostalgia. Its loose fit allows you to play with textures and proportions, giving you the freedom to express your personality through your style.

• 100% carded cotton
• Fabric weight: 7.1 oz. /yd. ² (240 g/m²)
• Garment-dyed, pre-shrunk fabric
• Boxy, oversized fit
• Dropped shoulders
• Wide neck ribbing
• Tear-away label
• Blank product sourced from China",• Fabric weight: 7.1 oz. /yd. ² (240 g/m²),"Embrace the versatility of the Oversized faded t-shirt, designed for those who appreciate the art of layering and creating unique outfits that effortlessly fuse modern trends with a hint of nostalgia. Its loose fit allows you to play with textures and proportions, giving you the freedom to express your personality through your style. | • Boxy, oversized fit","DTF printing [placement file types: back_dtf, front_dtf] [blank offers: DTG printing, Embroidery, DTF printing]",https://api.printful.com/store/products/471749069 ; https://api.printful.com/products/713
471749070,Hustler Dior Oversized Flag Tee,AS Colour | 5082 | Men's Oversized Faded T-Shirt | AS Colour 5082 (catalog id 713),"Embrace the versatility of the Oversized faded t-shirt, designed for those who appreciate the art of layering and creating unique outfits that effortlessly fuse modern trends with a hint of nostalgia. Its loose fit allows you to play with textures and proportions, giving you the freedom to express your personality through your style.

• 100% carded cotton
• Fabric weight: 7.1 oz. /yd. ² (240 g/m²)
• Garment-dyed, pre-shrunk fabric
• Boxy, oversized fit
• Dropped shoulders
• Wide neck ribbing
• Tear-away label
• Blank product sourced from China",• Fabric weight: 7.1 oz. /yd. ² (240 g/m²),"Embrace the versatility of the Oversized faded t-shirt, designed for those who appreciate the art of layering and creating unique outfits that effortlessly fuse modern trends with a hint of nostalgia. Its loose fit allows you to play with textures and proportions, giving you the freedom to express your personality through your style. | • Boxy, oversized fit","DTF printing [placement file types: front_dtf] [blank offers: DTG printing, Embroidery, DTF printing]",https://api.printful.com/store/products/471749070 ; https://api.printful.com/products/713
471749071,DOW II Unisex premium t-shirt,AS Colour | 5001T | Unisex Premium T-Shirt | AS Colour 5001T (catalog id 733),"Wrap yourself in comfort with this premium tee. It’s made of 100% combed cotton and has a soft, luxurious feel. The t-shirt’s regular fit and crew neck boast a timeless look. The fabric is pre-shrunk to maintain its size and shape wash after wash. Style it up or down to suit any occasion.

• 100% combed cotton
• Marles color is 85% cotton and 15% viscose
• Fabric weight: 5.3 oz./yd.² (180.25 g/m²)
• Yarn diameter: 28 singles
• Pre-shrunk
• Regular fit
• Crew neck
• Side-seamed construction
• Double-needle topstitch on the sleeves and hem
• Ribbed collar
• Shoulder-to-shoulder taping
• Blank product sourced from Bangladesh",• Fabric weight: 5.3 oz./yd.² (180.25 g/m²),"Wrap yourself in comfort with this premium tee. It’s made of 100% combed cotton and has a soft, luxurious feel. The t-shirt’s regular fit and crew neck boast a timeless look. The fabric is pre-shrunk to maintain its size and shape wash after wash. Style it up or down to suit any occasion. | • Regular fit","DTF printing [placement file types: front_dtf] [blank offers: DTG printing, Embroidery, DTF printing]",https://api.printful.com/store/products/471749071 ; https://api.printful.com/products/733
471749073,Unisex organic oversized high neck t-shirt,Stanley/Stella | SATU020 | Unisex Organic Oversized High Neck Blaster 2.0 T-Shirt | Stanley/Stella SATU020 (catalog id 823),"Upgrade your wardrobe with this oversized t-shirt made from 100% organic combed ring-spun cotton. It’s designed with dropped shoulders and a wide collar, making it perfect for everyday streetwear outfits.

• 100% organic combed ring-spun cotton
• Fabric weight: 5.9 oz./yd.² (200 g/m²)
• Oversized fit
• Set-in sleeves
• Dropped shoulders
• 1 × 1 rib at collar
• Self-fabric neck tape on the inside of the back
• The fabric of this product holds certifications for its organic cotton content under GOTS (Global Organic Textile Standard) and OCS (Organic Content Standard)
• Blank product sourced from Bangladesh

The sizes correspond to a bigger size in the European market, customers from that region should order a size down.",• Fabric weight: 5.9 oz./yd.² (200 g/m²),"Upgrade your wardrobe with this oversized t-shirt made from 100% organic combed ring-spun cotton. It’s designed with dropped shoulders and a wide collar, making it perfect for everyday streetwear outfits. | • Oversized fit","not stated per product [placement file types: back, default, sleeve_left] [blank offers: DTG printing, Embroidery, DTF printing]",https://api.printful.com/store/products/471749073 ; https://api.printful.com/products/823
471749074,Barbed Wire Dad Hat – Classic Streetwear Essential Elevate your everyday style,Yupoong | 6245CM | Classic Dad Hat | Yupoong 6245CM (catalog id 206),"Dad hats aren't just for dads. This one's got a low profile with an adjustable strap and curved visor.

• 100% chino cotton twill
• Green Camo color is 35% chino cotton twill, 65% polyester
• Unstructured, 6-panel, low-profile
• 6 embroidered eyelets
• 3 ⅛” (7.6 cm) crown
• Adjustable strap with antique buckle
• Blank product sourced from Vietnam or Bangladesh",,,"Embroidery [placement file types: back, embroidery_front_large] [blank offers: Embroidery, DTF printing]",https://api.printful.com/store/products/471749074 ; https://api.printful.com/products/206
471749076,Camo Pattern Unisex organic oversized high neck t-shirt,Stanley/Stella | SATU020 | Unisex Organic Oversized High Neck Blaster 2.0 T-Shirt | Stanley/Stella SATU020 (catalog id 823),"Upgrade your wardrobe with this oversized t-shirt made from 100% organic combed ring-spun cotton. It’s designed with dropped shoulders and a wide collar, making it perfect for everyday streetwear outfits.

• 100% organic combed ring-spun cotton
• Fabric weight: 5.9 oz./yd.² (200 g/m²)
• Oversized fit
• Set-in sleeves
• Dropped shoulders
• 1 × 1 rib at collar
• Self-fabric neck tape on the inside of the back
• The fabric of this product holds certifications for its organic cotton content under GOTS (Global Organic Textile Standard) and OCS (Organic Content Standard)
• Blank product sourced from Bangladesh

The sizes correspond to a bigger size in the European market, customers from that region should order a size down.",• Fabric weight: 5.9 oz./yd.² (200 g/m²),"Upgrade your wardrobe with this oversized t-shirt made from 100% organic combed ring-spun cotton. It’s designed with dropped shoulders and a wide collar, making it perfect for everyday streetwear outfits. | • Oversized fit","not stated per product [placement file types: back, default] [blank offers: DTG printing, Embroidery, DTF printing]",https://api.printful.com/store/products/471749076 ; https://api.printful.com/products/823
471749077,Stomp the Yard Unisex organic oversized high neck t-shirt,Stanley/Stella | SATU020 | Unisex Organic Oversized High Neck Blaster 2.0 T-Shirt | Stanley/Stella SATU020 (catalog id 823),"Upgrade your wardrobe with this oversized t-shirt made from 100% organic combed ring-spun cotton. It’s designed with dropped shoulders and a wide collar, making it perfect for everyday streetwear outfits.

• 100% organic combed ring-spun cotton
• Fabric weight: 5.9 oz./yd.² (200 g/m²)
• Oversized fit
• Set-in sleeves
• Dropped shoulders
• 1 × 1 rib at collar
• Self-fabric neck tape on the inside of the back
• The fabric of this product holds certifications for its organic cotton content under GOTS (Global Organic Textile Standard) and OCS (Organic Content Standard)
• Blank product sourced from Bangladesh

The sizes correspond to a bigger size in the European market, customers from that region should order a size down.",• Fabric weight: 5.9 oz./yd.² (200 g/m²),"Upgrade your wardrobe with this oversized t-shirt made from 100% organic combed ring-spun cotton. It’s designed with dropped shoulders and a wide collar, making it perfect for everyday streetwear outfits. | • Oversized fit","not stated per product [placement file types: back, default] [blank offers: DTG printing, Embroidery, DTF printing]",https://api.printful.com/store/products/471749077 ; https://api.printful.com/products/823
471749082,Bon Voyage Men’s box tee,Cotton Heritage | MC1087 | Men's Box Tee | Cotton Heritage MC1087 (catalog id 917),"Want a tee with a flattering fit and sturdy construction? Look no further. Men’s boxy tee is the best choice for relaxed streetwear looks and layering. With a reinforced neckline and luxe feel, this shirt will be your go-to choice season after season.

• 100% combed ring-spun cotton
• Fabric weight: 7 oz./yd.² (237.34 g/m²)
• Oversized relaxed fit
• Drop shoulder sleeves
• Ribbed collar reinforced neckline
• Blank product sourced from Bangladesh",• Fabric weight: 7 oz./yd.² (237.34 g/m²),"Want a tee with a flattering fit and sturdy construction? Look no further. Men’s boxy tee is the best choice for relaxed streetwear looks and layering. With a reinforced neckline and luxe feel, this shirt will be your go-to choice season after season. | • Oversized relaxed fit","DTF printing [placement file types: front_dtf] [blank offers: DTG printing, Embroidery, DTF printing]",https://api.printful.com/store/products/471749082 ; https://api.printful.com/products/917
471749084,Barbed Wire Guess Who Men’s box tee,Cotton Heritage | MC1087 | Men's Box Tee | Cotton Heritage MC1087 (catalog id 917),"Want a tee with a flattering fit and sturdy construction? Look no further. Men’s boxy tee is the best choice for relaxed streetwear looks and layering. With a reinforced neckline and luxe feel, this shirt will be your go-to choice season after season.

• 100% combed ring-spun cotton
• Fabric weight: 7 oz./yd.² (237.34 g/m²)
• Oversized relaxed fit
• Drop shoulder sleeves
• Ribbed collar reinforced neckline
• Blank product sourced from Bangladesh",• Fabric weight: 7 oz./yd.² (237.34 g/m²),"Want a tee with a flattering fit and sturdy construction? Look no further. Men’s boxy tee is the best choice for relaxed streetwear looks and layering. With a reinforced neckline and luxe feel, this shirt will be your go-to choice season after season. | • Oversized relaxed fit","DTF printing [placement file types: back_dtf, front_dtf] [blank offers: DTG printing, Embroidery, DTF printing]",https://api.printful.com/store/products/471749084 ; https://api.printful.com/products/917
471749088,Dragon Blood Oversized heavyweight sweatshirt,Bella + Canvas | 4711 | Unisex Oversized Heavyweight Sweatshirt | Bella + Canvas 4711 (catalog id 897),"Go big on comfort with this oversized fleece sweatshirt. Soft inside, bold outside—perfect for layering or lounging. Unisex fit, heavyweight fabric, and cozy to the core.

· 60% Airlume combed and ring-spun cotton, 40% polyester fleece
· Athletic Heather is 94% Airlume combed and ring-spun cotton, 6% polyester fleece
· Fabric weight: 10 oz./yd.² (339 g/m²)
· Slightly dropped sleeves
· Relaxed, oversized unisex fit
· Blank product sourced from Nicaragua",· Fabric weight: 10 oz./yd.² (339 g/m²),"Go big on comfort with this oversized fleece sweatshirt. Soft inside, bold outside—perfect for layering or lounging. Unisex fit, heavyweight fabric, and cozy to the core. | · Relaxed, oversized unisex fit","not stated per product [placement file types: back, front_large, sleeve_left, sleeve_right] [blank offers: DTG printing, Embroidery]",https://api.printful.com/store/products/471749088 ; https://api.printful.com/products/897
471749089,Chocolate Drip box hoodie,Cotton Heritage | M2635 | Men's Box Hoodie I Cotton Heritage M2635 (catalog id 953),"This hoodie’s tightly knit fleece delivers premium softness. The drop shoulders and overlapped neckline give it a clean, boxy shape—made to look fresh every time you wear it.

• 60% cotton, 40% polyester
• Carbon Grey color is 55% cotton, 45% polyester
• 3-end fleece
• Fabric weight: 10 oz./yd.² (339 g/m²)
• Oversized, relaxed fit 
• Set-in sleeves
• Drop shoulders
• Overlapped neckline
• 1 × 1 rib at the cuffs and waistband
• Double-layered hood in self fabric
• Single-jersey neck tape on the inside of the back
• Self-fabric half moon on the inside of the back
• Blank product sourced from Pakistan",• Fabric weight: 10 oz./yd.² (339 g/m²),"This hoodie’s tightly knit fleece delivers premium softness. The drop shoulders and overlapped neckline give it a clean, boxy shape—made to look fresh every time you wear it. | • Oversized, relaxed fit","DTF printing [placement file types: back_dtf, front_dtf] [blank offers: DTG printing, Embroidery, DTF printing]",https://api.printful.com/store/products/471749089 ; https://api.printful.com/products/953
471749090,Hustler Dior 'Happy Chaos' Embroidered Smiley Face Hat - Black Streetwear Cap with Pixelated Grin Aesthetic,Yupoong | 6245CM | Classic Dad Hat | Yupoong 6245CM (catalog id 206),"Dad hats aren't just for dads. This one's got a low profile with an adjustable strap and curved visor.

• 100% chino cotton twill
• Green Camo color is 35% chino cotton twill, 65% polyester
• Unstructured, 6-panel, low-profile
• 6 embroidered eyelets
• 3 ⅛” (7.6 cm) crown
• Adjustable strap with antique buckle
• Blank product sourced from Vietnam or Bangladesh",,,"Embroidery [placement file types: back, embroidery_front_large] [blank offers: Embroidery, DTF printing]",https://api.printful.com/store/products/471749090 ; https://api.printful.com/products/206
471749091,“Crown & Concrete Royal Gold Crown Logo Tee – Prestige Streetwear Fashion,Cotton Heritage | MC1087 | Men's Box Tee | Cotton Heritage MC1087 (catalog id 917),"Want a tee with a flattering fit and sturdy construction? Look no further. Men’s boxy tee is the best choice for relaxed streetwear looks and layering. With a reinforced neckline and luxe feel, this shirt will be your go-to choice season after season.

• 100% combed ring-spun cotton
• Fabric weight: 7 oz./yd.² (237.34 g/m²)
• Oversized relaxed fit
• Drop shoulder sleeves
• Ribbed collar reinforced neckline
• Blank product sourced from Bangladesh",• Fabric weight: 7 oz./yd.² (237.34 g/m²),"Want a tee with a flattering fit and sturdy construction? Look no further. Men’s boxy tee is the best choice for relaxed streetwear looks and layering. With a reinforced neckline and luxe feel, this shirt will be your go-to choice season after season. | • Oversized relaxed fit","DTF printing [placement file types: back_dtf, front_dtf] [blank offers: DTG printing, Embroidery, DTF printing]",https://api.printful.com/store/products/471749091 ; https://api.printful.com/products/917
471749092,Crown and Concrete Ladies Muscle Classic Beauty Tank Top,Bella + Canvas | 8803 | Women's Muscle Tank | Bella + Canvas 8803 (catalog id 271),"This comfortable muscle tank is soft and flowy with low cut armholes for a relaxed look.

• 65% polyester, 35% viscose
• Athletic Heather is 52% polyester, 48% viscose
• Black Heather is 80% rayon, 20% polyester
• Fabric weight: 4.2 oz/y² (142 g/m²)
• Relaxed fit
• Low cut armholes
• Curved bottom hem
• Side seams
• Blank product sourced from Honduras, Nicaragua, the US, or Vietnam",• Fabric weight: 4.2 oz/y² (142 g/m²),This comfortable muscle tank is soft and flowy with low cut armholes for a relaxed look. | • Relaxed fit,not stated per product [placement file types: default] [blank offers: DTG printing],https://api.printful.com/store/products/471749092 ; https://api.printful.com/products/271
471749093,Trippy Walk 3/4 sleeve raglan shirt Classic Cotton,Tultex | 245 | Unisex 3/4 Sleeve Raglan Shirt | Tultex 245 (catalog id 233),"A stylish spin on the classic baseball raglan. The combed cotton blend makes it super soft, comfortable, and lightweight.

• All solid colors are 100% ring-spun cotton
• Heather Grey color is 90% cotton, 10% polyester
• Heather Denim color is 50% cotton, 50% polyester
• Fabric weight: 4.5 oz/yd² (152.6 g/m²) 
• Fine knit jersey
• 30 singles
• ¾ sleeves
• Contrast raglan sleeve
• Unhemmed bottom
• Reactive-dyed for longer-lasting color
• Prewashed to minimize shrinkage
• Tear away label
• Blank product sourced from Mexico",• Fabric weight: 4.5 oz/yd² (152.6 g/m²),,"not stated per product [placement file types: default] [blank offers: DTG printing, Embroidery]",https://api.printful.com/store/products/471749093 ; https://api.printful.com/products/233
471749094,We Are the Champions Unisex Champion hoodie,Champion | S700 | Unisex Champion Powerblend Hoodie | S700 (catalog id 842),"This quality hoodie from Champion will keep you dry and comfortable all day. Made with moisture-wicking Double Dry® technology, it’s a go-to for staying fresh on the move.

• 50% cotton, 50% polyester
• Light Steel color is 50% cotton, 40% polyester, and 10% black polyester
• Fabric weight: 9 oz./yd.² (305 g/m²)
• Regular fit
• Set-in sleeves
• Two-ply hood
• Dyed-to-match drawcord
• Kangaroo pocket
• Heavy rib-knit waistband and cuffs
• Embroidered “C” logo on the left cuff
• Blank product sourced from Honduras and Guatemala

Disclaimer: Size up for a looser fit.",• Fabric weight: 9 oz./yd.² (305 g/m²),• Regular fit | Disclaimer: Size up for a looser fit.,"not stated per product [placement file types: back, default, sleeve_left, sleeve_right] [blank offers: DTG printing, Embroidery, DTF printing]",https://api.printful.com/store/products/471749094 ; https://api.printful.com/products/842
471749105,Uncle Sammy With The Blammy Unisex organic oversized high neck t-shirt,Stanley/Stella | SATU020 | Unisex Organic Oversized High Neck Blaster 2.0 T-Shirt | Stanley/Stella SATU020 (catalog id 823),"Upgrade your wardrobe with this oversized t-shirt made from 100% organic combed ring-spun cotton. It’s designed with dropped shoulders and a wide collar, making it perfect for everyday streetwear outfits.

• 100% organic combed ring-spun cotton
• Fabric weight: 5.9 oz./yd.² (200 g/m²)
• Oversized fit
• Set-in sleeves
• Dropped shoulders
• 1 × 1 rib at collar
• Self-fabric neck tape on the inside of the back
• The fabric of this product holds certifications for its organic cotton content under GOTS (Global Organic Textile Standard) and OCS (Organic Content Standard)
• Blank product sourced from Bangladesh

The sizes correspond to a bigger size in the European market, customers from that region should order a size down.",• Fabric weight: 5.9 oz./yd.² (200 g/m²),"Upgrade your wardrobe with this oversized t-shirt made from 100% organic combed ring-spun cotton. It’s designed with dropped shoulders and a wide collar, making it perfect for everyday streetwear outfits. | • Oversized fit","not stated per product [placement file types: back, default] [blank offers: DTG printing, Embroidery, DTF printing]",https://api.printful.com/store/products/471749105 ; https://api.printful.com/products/823
471749113,Women’s Boombostic Side Eye basic softstyle t-shirt,Gildan | 64000L | Women's Basic Softstyle T-Shirt | Gildan 64000L (catalog id 849),"This semi-fitted tee skims the body and gives a flattering look without feeling tight. The soft, lightweight fabric makes it easy to wear on its own or layer under a jacket.
• 100% ring-spun cotton
• Ring Spun Sport Grey color is 90% ring-spun cotton, 10% polyester
• Fabric weight: 4.5 oz./yd.² (153 g/m²)
• Semi-fitted
• Side-seamed construction
• Narrow-width rib collar
• Taped neck and shoulders	
• Blank product sourced from Honduras

Disclaimer: Due to the fabric properties, the White color variant may appear off-white rather than bright white.",• Fabric weight: 4.5 oz./yd.² (153 g/m²),"This semi-fitted tee skims the body and gives a flattering look without feeling tight. The soft, lightweight fabric makes it easy to wear on its own or layer under a jacket. | • Semi-fitted","not stated per product [placement file types: back, default, sleeve_left, sleeve_right] [blank offers: DTG printing, DTF printing]",https://api.printful.com/store/products/471749113 ; https://api.printful.com/products/849
471749117,Collab Under ArmourⓇ athletic t-shirt,Under Armour | 1383264 | Men's Under Armour Athletic T-Shirt | 1383264 (catalog id 773),"Elevate your workouts with the Under ArmourⓇ athletic t-shirt. Its light, quick-drying fabric makes it a must for running, hiking, or hitting the gym.

• 60% cotton, 40% polyester
• Fabric weight: 7.41 oz./yd.² (251.24 g/m²)
• Unisex sizing, relaxed fit
• Split hem
• Heatseal Under ArmourⓇ logo
• Fuller cut",• Fabric weight: 7.41 oz./yd.² (251.24 g/m²),"• Unisex sizing, relaxed fit","Embroidery [placement file types: embroidery_chest_left, embroidery_sleeve_right_top] [blank offers: Embroidery, DTF printing, DTG printing]",https://api.printful.com/store/products/471749117 ; https://api.printful.com/products/773
471749126,Crooked Eye Men's Tank Top,Bella + Canvas | 3480 | Unisex Staple Tank Top | Bella + Canvas 3480 (catalog id 248),"A classic, staple tank top. A timeless classic intended for anyone looking for great quality and softness. 

• 100% combed and ringspun cotton
• Tri-blends are 50% polyester/25% combed/25% ringspun cotton/rayon
• Fabric weight: 4.2 oz/yd² (142.40 g/m²), triblends: 3.8 oz/yd² (90.07 g/m²)
• 30 singles thread weight
• Side-seamed
• Blank product sourced from Nicaragua, Honduras, or the US","• Fabric weight: 4.2 oz/yd² (142.40 g/m²), triblends: 3.8 oz/yd² (90.07 g/m²)",,"not stated per product [placement file types: back, default] [blank offers: DTG printing, DTF printing]",https://api.printful.com/store/products/471749126 ; https://api.printful.com/products/248
471749134,HustlerDior Dagger Unisex Tee,Gildan | 64000 | Unisex Basic Softstyle T-Shirt | Gildan 64000 (catalog id 12),"You've now found the staple t-shirt of your wardrobe. It's made of 100% ring-spun cotton and is soft and comfy. The double stitching on the neckline and sleeves add more durability to what is sure to be a favorite!  

• 100% ring-spun cotton
• Sport Grey is 90% ring-spun cotton, 10% polyester
• Dark Heather & Heather colors are 65% polyester, 35% cotton
• Graphite Heather is 50% polyester, 50% cotton
• 4.5 oz/yd² (153 g/m²)
• Shoulder-to-shoulder taping
• Quarter-turned to avoid crease down the center
• Blank product sourced from Bangladesh, Nicaragua, Honduras, Dominican Republic, Haiti or Guatemala

Disclaimers: 
• Due to the fabric properties, the White color variant may appear off-white rather than bright white.
• Dark color speckles throughout the fabric are expected for the color Natural.",• 4.5 oz/yd² (153 g/m²),,"not stated per product [placement file types: default] [blank offers: DTG printing, Embroidery, DTF printing]",https://api.printful.com/store/products/471749134 ; https://api.printful.com/products/12
471749137,RIP X CUSTOM,(no brand listed) | All-Over Print Men's Crew Neck T-Shirt | All-Over Print Men's Crew Neck T-Shirt (catalog id 257),"Get to know your new favorite tee—it's super smooth, super comfortable, and made from a cotton touch polyester jersey that won't fade after washing. 

- Fabric composition in the EU: 96% polyester, 4% spandex
- Fabric composition in the US: 93% polyester, 7% spandex
- Fabric weight in the EU: 6.34 oz./yd.² (215 g/m²)
- Fabric weight in the US: 7.08 oz./yd.² (240 g/m²)
- Premium knit mid-weight jersey
- Smooth, comfortable 2-way stretch fabric that stretches and recovers on the cross and lengthwise grains
- Regular fit
- Blank product components in the EU sourced from Lithuania
- Blank product components in the US sourced from the US",- Fabric weight in the EU: 6.34 oz./yd.² (215 g/m²) | - Fabric weight in the US: 7.08 oz./yd.² (240 g/m²),- Regular fit,"not stated per product [placement file types: back, default, sleeve_left, sleeve_right] [blank offers: All-over synthetic]",https://api.printful.com/store/products/471749137 ; https://api.printful.com/products/257
471749139,NOTEEJOHN,Gildan | 64000 | Unisex Basic Softstyle T-Shirt | Gildan 64000 (catalog id 12),"You've now found the staple t-shirt of your wardrobe. It's made of 100% ring-spun cotton and is soft and comfy. The double stitching on the neckline and sleeves add more durability to what is sure to be a favorite!  

• 100% ring-spun cotton
• Sport Grey is 90% ring-spun cotton, 10% polyester
• Dark Heather & Heather colors are 65% polyester, 35% cotton
• Graphite Heather is 50% polyester, 50% cotton
• 4.5 oz/yd² (153 g/m²)
• Shoulder-to-shoulder taping
• Quarter-turned to avoid crease down the center
• Blank product sourced from Bangladesh, Nicaragua, Honduras, Dominican Republic, Haiti or Guatemala

Disclaimers: 
• Due to the fabric properties, the White color variant may appear off-white rather than bright white.
• Dark color speckles throughout the fabric are expected for the color Natural.",• 4.5 oz/yd² (153 g/m²),,"not stated per product [placement file types: back, default, sleeve_left] [blank offers: DTG printing, Embroidery, DTF printing]",https://api.printful.com/store/products/471749139 ; https://api.printful.com/products/12
471749140,Mask On ????,Bella + Canvas | 3001 | Unisex Staple T-Shirt | Bella + Canvas 3001 (catalog id 71),"This t-shirt is everything you've dreamed of and more. It feels soft and lightweight, with the right amount of stretch. It's comfortable and flattering for all. 

• 100% combed and ring-spun cotton (Heather colors contain polyester)
• Fabric weight: 4.2 oz./yd.² (142 g/m²)
• Pre-shrunk fabric
• Side-seamed construction
• Shoulder-to-shoulder taping
• Blank product sourced from Nicaragua, Mexico, Honduras, or the US

Disclaimer: The fabric is slightly sheer and may appear see-through, especially in lighter colors or under certain lighting conditions.",• Fabric weight: 4.2 oz./yd.² (142 g/m²),,"not stated per product [placement file types: default] [blank offers: DTG printing, Embroidery, DTF printing]",https://api.printful.com/store/products/471749140 ; https://api.printful.com/products/71
471749152,COLD af Unisex T-Shirt,Bella + Canvas | 3001 | Unisex Staple T-Shirt | Bella + Canvas 3001 (catalog id 71),"This t-shirt is everything you've dreamed of and more. It feels soft and lightweight, with the right amount of stretch. It's comfortable and flattering for all. 

• 100% combed and ring-spun cotton (Heather colors contain polyester)
• Fabric weight: 4.2 oz./yd.² (142 g/m²)
• Pre-shrunk fabric
• Side-seamed construction
• Shoulder-to-shoulder taping
• Blank product sourced from Nicaragua, Mexico, Honduras, or the US

Disclaimer: The fabric is slightly sheer and may appear see-through, especially in lighter colors or under certain lighting conditions.",• Fabric weight: 4.2 oz./yd.² (142 g/m²),,"not stated per product [placement file types: default] [blank offers: DTG printing, Embroidery, DTF printing]",https://api.printful.com/store/products/471749152 ; https://api.printful.com/products/71
471749160,YUM YUM Drip Short-Sleeve Unisex T-Shirt,Bella + Canvas | 3001 | Unisex Staple T-Shirt | Bella + Canvas 3001 (catalog id 71),"This t-shirt is everything you've dreamed of and more. It feels soft and lightweight, with the right amount of stretch. It's comfortable and flattering for all. 

• 100% combed and ring-spun cotton (Heather colors contain polyester)
• Fabric weight: 4.2 oz./yd.² (142 g/m²)
• Pre-shrunk fabric
• Side-seamed construction
• Shoulder-to-shoulder taping
• Blank product sourced from Nicaragua, Mexico, Honduras, or the US

Disclaimer: The fabric is slightly sheer and may appear see-through, especially in lighter colors or under certain lighting conditions.",• Fabric weight: 4.2 oz./yd.² (142 g/m²),,"not stated per product [placement file types: default] [blank offers: DTG printing, Embroidery, DTF printing]",https://api.printful.com/store/products/471749160 ; https://api.printful.com/products/71
471749162,COLD af Crop Hoodie,Bella + Canvas | 7502 | Women's Cropped Hoodie | Bella + Canvas 7502 (catalog id 317),"Let fashion take over your wardrobe with this great statement piece. The trendy raw hem and matching drawstrings means that this hoodie is bound to become a true favorite.

• 52% airlume combed and ring-spun cotton, 48% poly fleece
• Fabric weight: 6.5 oz/yd² (220.39 g/m²)
• Dyed-to-match drawstrings
• Dropped shoulder cut
• Cropped body with a raw hem
• Blank product sourced from Mexico, Nicaragua or the United States",• Fabric weight: 6.5 oz/yd² (220.39 g/m²),,"not stated per product [placement file types: default, sleeve_left, sleeve_right] [blank offers: DTG printing, Embroidery, DTF printing]",https://api.printful.com/store/products/471749162 ; https://api.printful.com/products/317
471749164,YUM YUM Drip Unisex Hoodie,Gildan | 18500 | Unisex Heavy Blend Hoodie | Gildan 18500 (catalog id 146),"Everyone needs a cozy go-to hoodie to curl up in, so go for one that's soft, smooth, and stylish. It's the perfect choice for cooler evenings!

• 50% pre-shrunk cotton, 50% polyester
Heather Sport Dark Navy is 40% cotton, 60% polyester
• Fabric weight: 8.0 oz/yd² (271.25 g/m²)
• Air-jet spun yarn with a soft feel and reduced pilling
• Double-lined hood with matching drawcord
• Quarter-turned body to avoid crease down the middle
• 1 × 1 athletic rib-knit cuffs and waistband with spandex
• Front pouch pocket
• Double-needle stitched collar, shoulders, armholes, cuffs, and hem
• Blank product sourced from Bangladesh, Nicaragua, Honduras or El Salvador

Disclaimer: Due to the fabric properties, the White color variant may appear off-white rather than bright white.",• Fabric weight: 8.0 oz/yd² (271.25 g/m²),,"not stated per product [placement file types: default, sleeve_left, sleeve_right] [blank offers: DTG printing, Embroidery, DTF printing]",https://api.printful.com/store/products/471749164 ; https://api.printful.com/products/146
471749166,Mask On Delta Time Tee,Gildan | 64000 | Unisex Basic Softstyle T-Shirt | Gildan 64000 (catalog id 12),"You've now found the staple t-shirt of your wardrobe. It's made of 100% ring-spun cotton and is soft and comfy. The double stitching on the neckline and sleeves add more durability to what is sure to be a favorite!  

• 100% ring-spun cotton
• Sport Grey is 90% ring-spun cotton, 10% polyester
• Dark Heather & Heather colors are 65% polyester, 35% cotton
• Graphite Heather is 50% polyester, 50% cotton
• 4.5 oz/yd² (153 g/m²)
• Shoulder-to-shoulder taping
• Quarter-turned to avoid crease down the center
• Blank product sourced from Bangladesh, Nicaragua, Honduras, Dominican Republic, Haiti or Guatemala

Disclaimers: 
• Due to the fabric properties, the White color variant may appear off-white rather than bright white.
• Dark color speckles throughout the fabric are expected for the color Natural.",• 4.5 oz/yd² (153 g/m²),,"not stated per product [placement file types: default, sleeve_right] [blank offers: DTG printing, Embroidery, DTF printing]",https://api.printful.com/store/products/471749166 ; https://api.printful.com/products/12
471749167,YUM YUM DRIP heavyweight tee,Gildan | 5000 | Unisex Classic Tee | Gildan 5000 (catalog id 438),"The 100% cotton unisex classic tee will help you land a more structured look. It sits nicely, maintains sharp lines around the edges, and goes perfectly with layered streetwear outfits. Plus, it's extra trendy now! 

• 100% cotton
• Sport Grey is 90% cotton, 10% polyester
• Ash Grey is 99% cotton, 1% polyester
• Heather colors are 50% cotton, 50% polyester
• Fabric weight: 5.0–5.3 oz/yd² (170-180 g/m²) 
• Open-end yarn
• Tubular fabric
• Taped neck and shoulders
• Double seam at sleeves and bottom hem
• Blank product sourced from Honduras, Nicaragua, Haiti, Dominican Republic, Bangladesh, Mexico

Disclaimers: 
• Due to the fabric properties, the White color variant may appear off-white rather than bright white.
• Dark color speckles throughout the fabric are expected for the color Natural.",• Fabric weight: 5.0–5.3 oz/yd² (170-180 g/m²),,"not stated per product [placement file types: default, label_inside] [blank offers: DTG printing, Embroidery, DTF printing]",https://api.printful.com/store/products/471749167 ; https://api.printful.com/products/438
471749168,Gunz-n-Roses Men's heavyweight tee,Gildan | 5000 | Unisex Classic Tee | Gildan 5000 (catalog id 438),"The 100% cotton unisex classic tee will help you land a more structured look. It sits nicely, maintains sharp lines around the edges, and goes perfectly with layered streetwear outfits. Plus, it's extra trendy now! 

• 100% cotton
• Sport Grey is 90% cotton, 10% polyester
• Ash Grey is 99% cotton, 1% polyester
• Heather colors are 50% cotton, 50% polyester
• Fabric weight: 5.0–5.3 oz/yd² (170-180 g/m²) 
• Open-end yarn
• Tubular fabric
• Taped neck and shoulders
• Double seam at sleeves and bottom hem
• Blank product sourced from Honduras, Nicaragua, Haiti, Dominican Republic, Bangladesh, Mexico

Disclaimers: 
• Due to the fabric properties, the White color variant may appear off-white rather than bright white.
• Dark color speckles throughout the fabric are expected for the color Natural.",• Fabric weight: 5.0–5.3 oz/yd² (170-180 g/m²),,"not stated per product [placement file types: default] [blank offers: DTG printing, Embroidery, DTF printing]",https://api.printful.com/store/products/471749168 ; https://api.printful.com/products/438
471749169,YUM YUM DRIP B&W heavyweight tee,Gildan | 5000 | Unisex Classic Tee | Gildan 5000 (catalog id 438),"The 100% cotton unisex classic tee will help you land a more structured look. It sits nicely, maintains sharp lines around the edges, and goes perfectly with layered streetwear outfits. Plus, it's extra trendy now! 

• 100% cotton
• Sport Grey is 90% cotton, 10% polyester
• Ash Grey is 99% cotton, 1% polyester
• Heather colors are 50% cotton, 50% polyester
• Fabric weight: 5.0–5.3 oz/yd² (170-180 g/m²) 
• Open-end yarn
• Tubular fabric
• Taped neck and shoulders
• Double seam at sleeves and bottom hem
• Blank product sourced from Honduras, Nicaragua, Haiti, Dominican Republic, Bangladesh, Mexico

Disclaimers: 
• Due to the fabric properties, the White color variant may appear off-white rather than bright white.
• Dark color speckles throughout the fabric are expected for the color Natural.",• Fabric weight: 5.0–5.3 oz/yd² (170-180 g/m²),,"not stated per product [placement file types: default, label_inside] [blank offers: DTG printing, Embroidery, DTF printing]",https://api.printful.com/store/products/471749169 ; https://api.printful.com/products/438
471749171,Men's heavyweight tee,Gildan | 5000 | Unisex Classic Tee | Gildan 5000 (catalog id 438),"The 100% cotton unisex classic tee will help you land a more structured look. It sits nicely, maintains sharp lines around the edges, and goes perfectly with layered streetwear outfits. Plus, it's extra trendy now! 

• 100% cotton
• Sport Grey is 90% cotton, 10% polyester
• Ash Grey is 99% cotton, 1% polyester
• Heather colors are 50% cotton, 50% polyester
• Fabric weight: 5.0–5.3 oz/yd² (170-180 g/m²) 
• Open-end yarn
• Tubular fabric
• Taped neck and shoulders
• Double seam at sleeves and bottom hem
• Blank product sourced from Honduras, Nicaragua, Haiti, Dominican Republic, Bangladesh, Mexico

Disclaimers: 
• Due to the fabric properties, the White color variant may appear off-white rather than bright white.
• Dark color speckles throughout the fabric are expected for the color Natural.",• Fabric weight: 5.0–5.3 oz/yd² (170-180 g/m²),,"not stated per product [placement file types: default] [blank offers: DTG printing, Embroidery, DTF printing]",https://api.printful.com/store/products/471749171 ; https://api.printful.com/products/438
471749172,Men's heavyweight tee,Gildan | 5000 | Unisex Classic Tee | Gildan 5000 (catalog id 438),"The 100% cotton unisex classic tee will help you land a more structured look. It sits nicely, maintains sharp lines around the edges, and goes perfectly with layered streetwear outfits. Plus, it's extra trendy now! 

• 100% cotton
• Sport Grey is 90% cotton, 10% polyester
• Ash Grey is 99% cotton, 1% polyester
• Heather colors are 50% cotton, 50% polyester
• Fabric weight: 5.0–5.3 oz/yd² (170-180 g/m²) 
• Open-end yarn
• Tubular fabric
• Taped neck and shoulders
• Double seam at sleeves and bottom hem
• Blank product sourced from Honduras, Nicaragua, Haiti, Dominican Republic, Bangladesh, Mexico

Disclaimers: 
• Due to the fabric properties, the White color variant may appear off-white rather than bright white.
• Dark color speckles throughout the fabric are expected for the color Natural.",• Fabric weight: 5.0–5.3 oz/yd² (170-180 g/m²),,"not stated per product [placement file types: back, default] [blank offers: DTG printing, Embroidery, DTF printing]",https://api.printful.com/store/products/471749172 ; https://api.printful.com/products/438
471749174,Unisex Hoodie,Cotton Heritage | M2580 | Unisex Premium Pullover Hoodie | Cotton Heritage M2580 (catalog id 380),"Who knew that the softest hoodie you'll ever own comes with such a cool design. You won't regret buying this classic streetwear piece of apparel with a convenient pouch pocket and warm hood for chilly evenings.

• 100% cotton face
• 65% ring-spun cotton, 35% polyester
• Front pouch pocket
• Self-fabric patch on the back
• Matching flat drawstrings
• 3-panel hood
• Blank product sourced from Pakistan

Disclaimer: This hoodie runs small. For the perfect fit, we recommend ordering one size larger than your usual size.",,"Disclaimer: This hoodie runs small. For the perfect fit, we recommend ordering one size larger than your usual size.","not stated per product [placement file types: default, sleeve_left, sleeve_right] [blank offers: DTG printing, Embroidery, DTF printing]",https://api.printful.com/store/products/471749174 ; https://api.printful.com/products/380
471749177,Unisex Fleece Pullover,Cotton Heritage | M2480 | Unisex Premium Sweatshirt | Cotton Heritage M2480 (catalog id 411),"Rock a classic sweatshirt silhouette with ribbed crew neck, long sleeve cuffs, and a flat hem. Layer it up or wear it on its own for a contemporary streetwear look. With the soft fleece inside and comfortable fit, it’s sure to become your favorite everyday sweater right away!

• 100% cotton face
• 65% cotton, 35% polyester
• Charcoal Heather is 55% cotton, 45% polyester
• Fabric weight: 8.5 oz/y² (288.2 g/m²)
• Tightly knit 3-end fleece 
• Side-seamed construction
• Self-fabric patch on the back
• Double-needle stitched rib collar, cuffs, and hem
• Blank product sourced from Pakistan

Disclaimer: This sweatshirt runs small. For the perfect fit, we recommend ordering one size larger than your usual size.",• Fabric weight: 8.5 oz/y² (288.2 g/m²),"Rock a classic sweatshirt silhouette with ribbed crew neck, long sleeve cuffs, and a flat hem. Layer it up or wear it on its own for a contemporary streetwear look. With the soft fleece inside and comfortable fit, it’s sure to become your favorite everyday sweater right away! | Disclaimer: This sweatshirt runs small. For the perfect fit, we recommend ordering one size larger than your usual size.","not stated per product [placement file types: default, sleeve_left] [blank offers: DTG printing, Embroidery, DTF printing]",https://api.printful.com/store/products/471749177 ; https://api.printful.com/products/411
471749182,SwerveGang Purp Men's heavyweight tee,Gildan | 5000 | Unisex Classic Tee | Gildan 5000 (catalog id 438),"The 100% cotton unisex classic tee will help you land a more structured look. It sits nicely, maintains sharp lines around the edges, and goes perfectly with layered streetwear outfits. Plus, it's extra trendy now! 

• 100% cotton
• Sport Grey is 90% cotton, 10% polyester
• Ash Grey is 99% cotton, 1% polyester
• Heather colors are 50% cotton, 50% polyester
• Fabric weight: 5.0–5.3 oz/yd² (170-180 g/m²) 
• Open-end yarn
• Tubular fabric
• Taped neck and shoulders
• Double seam at sleeves and bottom hem
• Blank product sourced from Honduras, Nicaragua, Haiti, Dominican Republic, Bangladesh, Mexico

Disclaimers: 
• Due to the fabric properties, the White color variant may appear off-white rather than bright white.
• Dark color speckles throughout the fabric are expected for the color Natural.",• Fabric weight: 5.0–5.3 oz/yd² (170-180 g/m²),,"not stated per product [placement file types: default, label_inside] [blank offers: DTG printing, Embroidery, DTF printing]",https://api.printful.com/store/products/471749182 ; https://api.printful.com/products/438
471749183,Men's heavyweight tee,Gildan | 5000 | Unisex Classic Tee | Gildan 5000 (catalog id 438),"The 100% cotton unisex classic tee will help you land a more structured look. It sits nicely, maintains sharp lines around the edges, and goes perfectly with layered streetwear outfits. Plus, it's extra trendy now! 

• 100% cotton
• Sport Grey is 90% cotton, 10% polyester
• Ash Grey is 99% cotton, 1% polyester
• Heather colors are 50% cotton, 50% polyester
• Fabric weight: 5.0–5.3 oz/yd² (170-180 g/m²) 
• Open-end yarn
• Tubular fabric
• Taped neck and shoulders
• Double seam at sleeves and bottom hem
• Blank product sourced from Honduras, Nicaragua, Haiti, Dominican Republic, Bangladesh, Mexico

Disclaimers: 
• Due to the fabric properties, the White color variant may appear off-white rather than bright white.
• Dark color speckles throughout the fabric are expected for the color Natural.",• Fabric weight: 5.0–5.3 oz/yd² (170-180 g/m²),,"not stated per product [placement file types: default] [blank offers: DTG printing, Embroidery, DTF printing]",https://api.printful.com/store/products/471749183 ; https://api.printful.com/products/438
471749186,Men's heavyweight tee,Gildan | 5000 | Unisex Classic Tee | Gildan 5000 (catalog id 438),"The 100% cotton unisex classic tee will help you land a more structured look. It sits nicely, maintains sharp lines around the edges, and goes perfectly with layered streetwear outfits. Plus, it's extra trendy now! 

• 100% cotton
• Sport Grey is 90% cotton, 10% polyester
• Ash Grey is 99% cotton, 1% polyester
• Heather colors are 50% cotton, 50% polyester
• Fabric weight: 5.0–5.3 oz/yd² (170-180 g/m²) 
• Open-end yarn
• Tubular fabric
• Taped neck and shoulders
• Double seam at sleeves and bottom hem
• Blank product sourced from Honduras, Nicaragua, Haiti, Dominican Republic, Bangladesh, Mexico

Disclaimers: 
• Due to the fabric properties, the White color variant may appear off-white rather than bright white.
• Dark color speckles throughout the fabric are expected for the color Natural.",• Fabric weight: 5.0–5.3 oz/yd² (170-180 g/m²),,"not stated per product [placement file types: default] [blank offers: DTG printing, Embroidery, DTF printing]",https://api.printful.com/store/products/471749186 ; https://api.printful.com/products/438
471749188,Men's heavyweight tee,Gildan | 5000 | Unisex Classic Tee | Gildan 5000 (catalog id 438),"The 100% cotton unisex classic tee will help you land a more structured look. It sits nicely, maintains sharp lines around the edges, and goes perfectly with layered streetwear outfits. Plus, it's extra trendy now! 

• 100% cotton
• Sport Grey is 90% cotton, 10% polyester
• Ash Grey is 99% cotton, 1% polyester
• Heather colors are 50% cotton, 50% polyester
• Fabric weight: 5.0–5.3 oz/yd² (170-180 g/m²) 
• Open-end yarn
• Tubular fabric
• Taped neck and shoulders
• Double seam at sleeves and bottom hem
• Blank product sourced from Honduras, Nicaragua, Haiti, Dominican Republic, Bangladesh, Mexico

Disclaimers: 
• Due to the fabric properties, the White color variant may appear off-white rather than bright white.
• Dark color speckles throughout the fabric are expected for the color Natural.",• Fabric weight: 5.0–5.3 oz/yd² (170-180 g/m²),,"not stated per product [placement file types: default] [blank offers: DTG printing, Embroidery, DTF printing]",https://api.printful.com/store/products/471749188 ; https://api.printful.com/products/438
471749191,Men's heavyweight tee,Gildan | 5000 | Unisex Classic Tee | Gildan 5000 (catalog id 438),"The 100% cotton unisex classic tee will help you land a more structured look. It sits nicely, maintains sharp lines around the edges, and goes perfectly with layered streetwear outfits. Plus, it's extra trendy now! 

• 100% cotton
• Sport Grey is 90% cotton, 10% polyester
• Ash Grey is 99% cotton, 1% polyester
• Heather colors are 50% cotton, 50% polyester
• Fabric weight: 5.0–5.3 oz/yd² (170-180 g/m²) 
• Open-end yarn
• Tubular fabric
• Taped neck and shoulders
• Double seam at sleeves and bottom hem
• Blank product sourced from Honduras, Nicaragua, Haiti, Dominican Republic, Bangladesh, Mexico

Disclaimers: 
• Due to the fabric properties, the White color variant may appear off-white rather than bright white.
• Dark color speckles throughout the fabric are expected for the color Natural.",• Fabric weight: 5.0–5.3 oz/yd² (170-180 g/m²),,"not stated per product [placement file types: default] [blank offers: DTG printing, Embroidery, DTF printing]",https://api.printful.com/store/products/471749191 ; https://api.printful.com/products/438
471749193,Men's heavyweight tee,Gildan | 5000 | Unisex Classic Tee | Gildan 5000 (catalog id 438),"The 100% cotton unisex classic tee will help you land a more structured look. It sits nicely, maintains sharp lines around the edges, and goes perfectly with layered streetwear outfits. Plus, it's extra trendy now! 

• 100% cotton
• Sport Grey is 90% cotton, 10% polyester
• Ash Grey is 99% cotton, 1% polyester
• Heather colors are 50% cotton, 50% polyester
• Fabric weight: 5.0–5.3 oz/yd² (170-180 g/m²) 
• Open-end yarn
• Tubular fabric
• Taped neck and shoulders
• Double seam at sleeves and bottom hem
• Blank product sourced from Honduras, Nicaragua, Haiti, Dominican Republic, Bangladesh, Mexico

Disclaimers: 
• Due to the fabric properties, the White color variant may appear off-white rather than bright white.
• Dark color speckles throughout the fabric are expected for the color Natural.",• Fabric weight: 5.0–5.3 oz/yd² (170-180 g/m²),,"not stated per product [placement file types: default] [blank offers: DTG printing, Embroidery, DTF printing]",https://api.printful.com/store/products/471749193 ; https://api.printful.com/products/438
471749195,Men's heavyweight tee,Gildan | 5000 | Unisex Classic Tee | Gildan 5000 (catalog id 438),"The 100% cotton unisex classic tee will help you land a more structured look. It sits nicely, maintains sharp lines around the edges, and goes perfectly with layered streetwear outfits. Plus, it's extra trendy now! 

• 100% cotton
• Sport Grey is 90% cotton, 10% polyester
• Ash Grey is 99% cotton, 1% polyester
• Heather colors are 50% cotton, 50% polyester
• Fabric weight: 5.0–5.3 oz/yd² (170-180 g/m²) 
• Open-end yarn
• Tubular fabric
• Taped neck and shoulders
• Double seam at sleeves and bottom hem
• Blank product sourced from Honduras, Nicaragua, Haiti, Dominican Republic, Bangladesh, Mexico

Disclaimers: 
• Due to the fabric properties, the White color variant may appear off-white rather than bright white.
• Dark color speckles throughout the fabric are expected for the color Natural.",• Fabric weight: 5.0–5.3 oz/yd² (170-180 g/m²),,"not stated per product [placement file types: default] [blank offers: DTG printing, Embroidery, DTF printing]",https://api.printful.com/store/products/471749195 ; https://api.printful.com/products/438
471749197,Unisex Hoodie,Gildan | 18500 | Unisex Heavy Blend Hoodie | Gildan 18500 (catalog id 146),"Everyone needs a cozy go-to hoodie to curl up in, so go for one that's soft, smooth, and stylish. It's the perfect choice for cooler evenings!

• 50% pre-shrunk cotton, 50% polyester
Heather Sport Dark Navy is 40% cotton, 60% polyester
• Fabric weight: 8.0 oz/yd² (271.25 g/m²)
• Air-jet spun yarn with a soft feel and reduced pilling
• Double-lined hood with matching drawcord
• Quarter-turned body to avoid crease down the middle
• 1 × 1 athletic rib-knit cuffs and waistband with spandex
• Front pouch pocket
• Double-needle stitched collar, shoulders, armholes, cuffs, and hem
• Blank product sourced from Bangladesh, Nicaragua, Honduras or El Salvador

Disclaimer: Due to the fabric properties, the White color variant may appear off-white rather than bright white.",• Fabric weight: 8.0 oz/yd² (271.25 g/m²),,"not stated per product [placement file types: default, sleeve_left, sleeve_right] [blank offers: DTG printing, Embroidery, DTF printing]",https://api.printful.com/store/products/471749197 ; https://api.printful.com/products/146
471749198,Rick & Morty Yeezy Vibes,Gildan | 18500 | Unisex Heavy Blend Hoodie | Gildan 18500 (catalog id 146),"Everyone needs a cozy go-to hoodie to curl up in, so go for one that's soft, smooth, and stylish. It's the perfect choice for cooler evenings!

• 50% pre-shrunk cotton, 50% polyester
Heather Sport Dark Navy is 40% cotton, 60% polyester
• Fabric weight: 8.0 oz/yd² (271.25 g/m²)
• Air-jet spun yarn with a soft feel and reduced pilling
• Double-lined hood with matching drawcord
• Quarter-turned body to avoid crease down the middle
• 1 × 1 athletic rib-knit cuffs and waistband with spandex
• Front pouch pocket
• Double-needle stitched collar, shoulders, armholes, cuffs, and hem
• Blank product sourced from Bangladesh, Nicaragua, Honduras or El Salvador

Disclaimer: Due to the fabric properties, the White color variant may appear off-white rather than bright white.",• Fabric weight: 8.0 oz/yd² (271.25 g/m²),,"not stated per product [placement file types: default, sleeve_left, sleeve_right] [blank offers: DTG printing, Embroidery, DTF printing]",https://api.printful.com/store/products/471749198 ; https://api.printful.com/products/146
471749200,No Menace Tee,Gildan | 5000 | Unisex Classic Tee | Gildan 5000 (catalog id 438),"The 100% cotton unisex classic tee will help you land a more structured look. It sits nicely, maintains sharp lines around the edges, and goes perfectly with layered streetwear outfits. Plus, it's extra trendy now! 

• 100% cotton
• Sport Grey is 90% cotton, 10% polyester
• Ash Grey is 99% cotton, 1% polyester
• Heather colors are 50% cotton, 50% polyester
• Fabric weight: 5.0–5.3 oz/yd² (170-180 g/m²) 
• Open-end yarn
• Tubular fabric
• Taped neck and shoulders
• Double seam at sleeves and bottom hem
• Blank product sourced from Honduras, Nicaragua, Haiti, Dominican Republic, Bangladesh, Mexico

Disclaimers: 
• Due to the fabric properties, the White color variant may appear off-white rather than bright white.
• Dark color speckles throughout the fabric are expected for the color Natural.",• Fabric weight: 5.0–5.3 oz/yd² (170-180 g/m²),,"not stated per product [placement file types: default] [blank offers: DTG printing, Embroidery, DTF printing]",https://api.printful.com/store/products/471749200 ; https://api.printful.com/products/438
471749201,KB Toddler Short Sleeve Tee,Bella + Canvas | 3001T | Toddler Staple Tee | Bella + Canvas 3001T (catalog id 306),"Let your toddler do their thing while feeling super comfy and looking extra stylish in this short-sleeve jersey t-shirt from 100% cotton with a unique print. The tee is soft, durable, and bound to become the staple of your toddler's wardrobe. 

• 100% combed and ring-spun cotton
• Fabric weight: 4.2 oz/yd² (142 g/m²)
• Relaxed fit for extra comfort
• Side-seamed construction
• Pre-shrunk fabric
• Blank product sourced from the US or Honduras",• Fabric weight: 4.2 oz/yd² (142 g/m²),• Relaxed fit for extra comfort,"not stated per product [placement file types: default] [blank offers: DTG printing, Embroidery]",https://api.printful.com/store/products/471749201 ; https://api.printful.com/products/306
471749202,HD Skull 8 Bit Long Sleeve,Bella + Canvas | 3501 | Unisex Long Sleeve Tee | Bella + Canvas 3501 (catalog id 356),"Enrich your wardrobe with a versatile long sleeve tee. For a casual look, combine it with your favorite jeans, and layer it with a button-up shirt, a zip-up hoodie, or a snazzy jacket. Dress it up with formal trousers or chinos to achieve a more professional look.

• 100% airlume combed ring-spun cotton
• Heather colors are 52% combed and ring-spun cotton, 48% polyester
• Athletic Heather and Black Heather are 90% combed and ring-spun cotton, 10% polyester
• Fabric weight: 4.2 oz./yd.² (142.4 g/m²)
• 32 singles
• Regular fit
• Side-seamed construction
• Crew neck
• Cover-stitched collar
• 2″ (5 cm) ribbed cuffs
• Blank product sourced from Nicaragua, Honduras, or the US",• Fabric weight: 4.2 oz./yd.² (142.4 g/m²),• Regular fit,"not stated per product [placement file types: default, sleeve_left, sleeve_right] [blank offers: DTG printing, Embroidery, DTF printing]",https://api.printful.com/store/products/471749202 ; https://api.printful.com/products/356
471749203,Men’s premium tank top,Cotton Heritage | MC1790 | Men's Premium Tank Top | Cotton Heritage MC1790 (catalog id 537),"It’s always a good decision to invest in premium-quality basics that’ll look good and last long. The men’s premium tank top is exceptionally soft and smooth and made of durable materials. Wear it as your workout top, layering piece, or on its own, paired with your favorite bottoms.

• 100% combed ring-spun cotton
• Athletic Heather is 85% cotton, 15% viscose 
• Charcoal Heather is 60% polyester, 40% cotton
• Fabric weight: 5.5 oz/yd² (186.48 g/m²)
• Soft-washed and tight-knit mid/heavyweight material
• Relaxed fit
• Extra soft surface
• Sleeveless drop arm
• Blank product sourced from Bangladesh",• Fabric weight: 5.5 oz/yd² (186.48 g/m²),• Relaxed fit,"not stated per product [placement file types: default] [blank offers: DTG printing, Embroidery]",https://api.printful.com/store/products/471749203 ; https://api.printful.com/products/537
471749205,Men’s Skull premium tank top,Cotton Heritage | MC1790 | Men's Premium Tank Top | Cotton Heritage MC1790 (catalog id 537),"It’s always a good decision to invest in premium-quality basics that’ll look good and last long. The men’s premium tank top is exceptionally soft and smooth and made of durable materials. Wear it as your workout top, layering piece, or on its own, paired with your favorite bottoms.

• 100% combed ring-spun cotton
• Athletic Heather is 85% cotton, 15% viscose 
• Charcoal Heather is 60% polyester, 40% cotton
• Fabric weight: 5.5 oz/yd² (186.48 g/m²)
• Soft-washed and tight-knit mid/heavyweight material
• Relaxed fit
• Extra soft surface
• Sleeveless drop arm
• Blank product sourced from Bangladesh",• Fabric weight: 5.5 oz/yd² (186.48 g/m²),• Relaxed fit,"not stated per product [placement file types: default] [blank offers: DTG printing, Embroidery]",https://api.printful.com/store/products/471749205 ; https://api.printful.com/products/537
471749206,Swerve God “Glow Master” Bruce Leeroy Tee – Harlem Kung-Funk Edition,Stanley/Stella | SATU020 | Unisex Organic Oversized High Neck Blaster 2.0 T-Shirt | Stanley/Stella SATU020 (catalog id 823),"Upgrade your wardrobe with this oversized t-shirt made from 100% organic combed ring-spun cotton. It’s designed with dropped shoulders and a wide collar, making it perfect for everyday streetwear outfits.

• 100% organic combed ring-spun cotton
• Fabric weight: 5.9 oz./yd.² (200 g/m²)
• Oversized fit
• Set-in sleeves
• Dropped shoulders
• 1 × 1 rib at collar
• Self-fabric neck tape on the inside of the back
• The fabric of this product holds certifications for its organic cotton content under GOTS (Global Organic Textile Standard) and OCS (Organic Content Standard)
• Blank product sourced from Bangladesh

The sizes correspond to a bigger size in the European market, customers from that region should order a size down.",• Fabric weight: 5.9 oz./yd.² (200 g/m²),"Upgrade your wardrobe with this oversized t-shirt made from 100% organic combed ring-spun cotton. It’s designed with dropped shoulders and a wide collar, making it perfect for everyday streetwear outfits. | • Oversized fit","not stated per product [placement file types: back, default] [blank offers: DTG printing, Embroidery, DTF printing]",https://api.printful.com/store/products/471749206 ; https://api.printful.com/products/823
471749207,Dragon-Fist Swerve God Long Sleeve – Shaolin Flame Edition,Bella + Canvas | 3512 | Unisex Hooded Long Sleeve Tee | Bella Canvas 3512 (catalog id 688),"With its long sleeves and comfortable hood, this tee is perfect for layering, allowing you to create stylish outfits all year round. Plus, its lightweight construction allows for unrestricted movement, ensuring that you feel at ease no matter the occasion. 

• 100% airlume combed and ringspun cotton
• Heather colors are 52% cotton, 48% polyester
• Triblend colors are 50% polyester, 25% airlume combed and ringspun cotton, and 25% rayon
• Fabric weight: 3.8 oz/yd² (128.84 g/m²)
• Regular fit 
• Side-seamed construction
• Crossover “V” at the neckline
• Blank product sourced from Honduras, Nicaragua, and United States.",• Fabric weight: 3.8 oz/yd² (128.84 g/m²),• Regular fit,"Embroidery [placement file types: back, default, embroidery_wrist_right] [blank offers: DTG printing, Embroidery, DTF printing]",https://api.printful.com/store/products/471749207 ; https://api.printful.com/products/688
471749209,Mt Dior Unisex Hoodie,Cotton Heritage | M2580 | Unisex Premium Pullover Hoodie | Cotton Heritage M2580 (catalog id 380),"Who knew that the softest hoodie you'll ever own comes with such a cool design. You won't regret buying this classic streetwear piece of apparel with a convenient pouch pocket and warm hood for chilly evenings.

• 100% cotton face
• 65% ring-spun cotton, 35% polyester
• Front pouch pocket
• Self-fabric patch on the back
• Matching flat drawstrings
• 3-panel hood
• Blank product sourced from Pakistan

Disclaimer: This hoodie runs small. For the perfect fit, we recommend ordering one size larger than your usual size.",,"Disclaimer: This hoodie runs small. For the perfect fit, we recommend ordering one size larger than your usual size.","not stated per product [placement file types: default, sleeve_left] [blank offers: DTG printing, Embroidery, DTF printing]",https://api.printful.com/store/products/471749209 ; https://api.printful.com/products/380
471749210,Crown & Concrete “Saiyan Surge” Neon-Pink Hoodie,Gildan | 18500 | Unisex Heavy Blend Hoodie | Gildan 18500 (catalog id 146),"Everyone needs a cozy go-to hoodie to curl up in, so go for one that's soft, smooth, and stylish. It's the perfect choice for cooler evenings!

• 50% pre-shrunk cotton, 50% polyester
Heather Sport Dark Navy is 40% cotton, 60% polyester
• Fabric weight: 8.0 oz/yd² (271.25 g/m²)
• Air-jet spun yarn with a soft feel and reduced pilling
• Double-lined hood with matching drawcord
• Quarter-turned body to avoid crease down the middle
• 1 × 1 athletic rib-knit cuffs and waistband with spandex
• Front pouch pocket
• Double-needle stitched collar, shoulders, armholes, cuffs, and hem
• Blank product sourced from Bangladesh, Nicaragua, Honduras or El Salvador

Disclaimer: Due to the fabric properties, the White color variant may appear off-white rather than bright white.",• Fabric weight: 8.0 oz/yd² (271.25 g/m²),,"not stated per product [placement file types: back, default] [blank offers: DTG printing, Embroidery, DTF printing]",https://api.printful.com/store/products/471749210 ; https://api.printful.com/products/146
471749211,Vintage Cotton Twill Cap,Otto Cap | 18-1248 | Vintage Cap | Otto Cap 18-1248 (catalog id 327),"Everybody knows that dad caps are no longer just for dads, so get an embroidered cotton twill cap for yourself! This one's really special thanks to the intricate embroidery detail and the washed out vintage feel.

• 100% cotton twill
• 6-panel unstructured cap with a low profile
• 6 sewn eyelets
• Black sweatband
• Metal snap buckle with an antique brass finish
• Washed-out vintage effect
• Blank product sourced from China",,,"Embroidery [placement file types: embroidery_front_large] [blank offers: Embroidery, DTF printing]",https://api.printful.com/store/products/471749211 ; https://api.printful.com/products/327
471749212,Crop Hoodie,Bella + Canvas | 7502 | Women's Cropped Hoodie | Bella + Canvas 7502 (catalog id 317),"Let fashion take over your wardrobe with this great statement piece. The trendy raw hem and matching drawstrings means that this hoodie is bound to become a true favorite.

• 52% airlume combed and ring-spun cotton, 48% poly fleece
• Fabric weight: 6.5 oz/yd² (220.39 g/m²)
• Dyed-to-match drawstrings
• Dropped shoulder cut
• Cropped body with a raw hem
• Blank product sourced from Mexico, Nicaragua or the United States",• Fabric weight: 6.5 oz/yd² (220.39 g/m²),,"not stated per product [placement file types: default] [blank offers: DTG printing, Embroidery, DTF printing]",https://api.printful.com/store/products/471749212 ; https://api.printful.com/products/317
471749213,Long Sleeve Fitted Crew,Next Level | 3601 | Men's Fitted Long Sleeve Shirt | Next Level 3601 (catalog id 116),"This super-soft crew shirt is a good choice if you're looking for a classic long sleeve t-shirt.

• 100% combed ringspun cotton
• Fabric weight: 4.3 oz/yd² (149.2 g/m²)
• 32 singles
• Fabric laundered
• Set-in 1 × 1 baby rib collar
• Tear away label
• Blank product sourced from Nicaragua or Cambodia",• Fabric weight: 4.3 oz/yd² (149.2 g/m²),,"not stated per product [placement file types: back, default, label_inside, sleeve_left, sleeve_right] [blank offers: DTG printing, Embroidery]",https://api.printful.com/store/products/471749213 ; https://api.printful.com/products/116
471749214,Oversized heavyweight sweatshirt,Bella + Canvas | 4711 | Unisex Oversized Heavyweight Sweatshirt | Bella + Canvas 4711 (catalog id 897),"Go big on comfort with this oversized fleece sweatshirt. Soft inside, bold outside—perfect for layering or lounging. Unisex fit, heavyweight fabric, and cozy to the core.

· 60% Airlume combed and ring-spun cotton, 40% polyester fleece
· Athletic Heather is 94% Airlume combed and ring-spun cotton, 6% polyester fleece
· Fabric weight: 10 oz./yd.² (339 g/m²)
· Slightly dropped sleeves
· Relaxed, oversized unisex fit
· Blank product sourced from Nicaragua",· Fabric weight: 10 oz./yd.² (339 g/m²),"Go big on comfort with this oversized fleece sweatshirt. Soft inside, bold outside—perfect for layering or lounging. Unisex fit, heavyweight fabric, and cozy to the core. | · Relaxed, oversized unisex fit","not stated per product [placement file types: back, front_large] [blank offers: DTG printing, Embroidery]",https://api.printful.com/store/products/471749214 ; https://api.printful.com/products/897
471749215,Men’s premium heavyweight tee,Cotton Heritage | MC1086 | Men's Premium Heavyweight Tee | Cotton Heritage MC1086 (catalog id 508),"Elevate your outfit with the men’s premium heavyweight tee. The tee has a structured, classy fit and is both durable and soft thanks to its ring-spun cotton material. Layer the t-shirt or wear it on its own and enjoy great looks with little effort!

• 100% combed ring-spun cotton
• Charcoal Heather and Carbon Grey is 60% cotton and 40% polyester
• Fabric weight: 6.5 oz/yd² (220 g/m²)
• 20 singles
• Regular fit
• Side-seamed construction
• 1 × 1 rib at collar 
• Single-needle edge stitch 7/8″
• Blank product sourced from Bangladesh",• Fabric weight: 6.5 oz/yd² (220 g/m²),"Elevate your outfit with the men’s premium heavyweight tee. The tee has a structured, classy fit and is both durable and soft thanks to its ring-spun cotton material. Layer the t-shirt or wear it on its own and enjoy great looks with little effort! | • Regular fit","not stated per product [placement file types: default] [blank offers: DTG printing, Embroidery, DTF printing]",https://api.printful.com/store/products/471749215 ; https://api.printful.com/products/508
471749216,Yum Yum Drip Long Sleeve Tee,Bella + Canvas | 3501 | Unisex Long Sleeve Tee | Bella + Canvas 3501 (catalog id 356),"Enrich your wardrobe with a versatile long sleeve tee. For a casual look, combine it with your favorite jeans, and layer it with a button-up shirt, a zip-up hoodie, or a snazzy jacket. Dress it up with formal trousers or chinos to achieve a more professional look.

• 100% airlume combed ring-spun cotton
• Heather colors are 52% combed and ring-spun cotton, 48% polyester
• Athletic Heather and Black Heather are 90% combed and ring-spun cotton, 10% polyester
• Fabric weight: 4.2 oz./yd.² (142.4 g/m²)
• 32 singles
• Regular fit
• Side-seamed construction
• Crew neck
• Cover-stitched collar
• 2″ (5 cm) ribbed cuffs
• Blank product sourced from Nicaragua, Honduras, or the US",• Fabric weight: 4.2 oz./yd.² (142.4 g/m²),• Regular fit,"not stated per product [placement file types: default] [blank offers: DTG printing, Embroidery, DTF printing]",https://api.printful.com/store/products/471749216 ; https://api.printful.com/products/356
471749218,Billi Bag Hoochie Daddy Shorts,(no brand listed) | All-Over Print Unisex Athletic Long Shorts | All-Over Print Unisex Athletic Long Shorts (catalog id 332),"Sports outfits can be a lot of hassle, but with these long shorts there's no need for that. Just throw on a pair and go running, swimming, weight-lifting, or participate in any other activity that pops in your mind. These shorts won't let you down!

• 91% recycled polyester, 9% spandex
• Fabric weight: 5.13 oz. /yd. ² (174 g/m²)
• Four-way stretch moisture-wicking microfiber fabric
• Breathable and fast-drying material
• UPF50+ protection
• 6.3"" (16 cm)inseam
• Elastic waistband with a flat white drawstring
• Mesh side pockets
• No inner lining
• Blank product components sourced from China",• Fabric weight: 5.13 oz. /yd. ² (174 g/m²),,"not stated per product [placement file types: back, default] [blank offers: All-over synthetic]",https://api.printful.com/store/products/471749218 ; https://api.printful.com/products/332
471749219,Don't B A Menace Tees heavyweight tee,Gildan | 5000 | Unisex Classic Tee | Gildan 5000 (catalog id 438),"The 100% cotton unisex classic tee will help you land a more structured look. It sits nicely, maintains sharp lines around the edges, and goes perfectly with layered streetwear outfits. Plus, it's extra trendy now! 

• 100% cotton
• Sport Grey is 90% cotton, 10% polyester
• Ash Grey is 99% cotton, 1% polyester
• Heather colors are 50% cotton, 50% polyester
• Fabric weight: 5.0–5.3 oz/yd² (170-180 g/m²) 
• Open-end yarn
• Tubular fabric
• Taped neck and shoulders
• Double seam at sleeves and bottom hem
• Blank product sourced from Honduras, Nicaragua, Haiti, Dominican Republic, Bangladesh, Mexico

Disclaimers: 
• Due to the fabric properties, the White color variant may appear off-white rather than bright white.
• Dark color speckles throughout the fabric are expected for the color Natural.",• Fabric weight: 5.0–5.3 oz/yd² (170-180 g/m²),,"not stated per product [placement file types: default] [blank offers: DTG printing, Embroidery, DTF printing]",https://api.printful.com/store/products/471749219 ; https://api.printful.com/products/438
471749220,SkullFX Men’s premium heavyweight tee,Cotton Heritage | MC1086 | Men's Premium Heavyweight Tee | Cotton Heritage MC1086 (catalog id 508),"Elevate your outfit with the men’s premium heavyweight tee. The tee has a structured, classy fit and is both durable and soft thanks to its ring-spun cotton material. Layer the t-shirt or wear it on its own and enjoy great looks with little effort!

• 100% combed ring-spun cotton
• Charcoal Heather and Carbon Grey is 60% cotton and 40% polyester
• Fabric weight: 6.5 oz/yd² (220 g/m²)
• 20 singles
• Regular fit
• Side-seamed construction
• 1 × 1 rib at collar 
• Single-needle edge stitch 7/8″
• Blank product sourced from Bangladesh",• Fabric weight: 6.5 oz/yd² (220 g/m²),"Elevate your outfit with the men’s premium heavyweight tee. The tee has a structured, classy fit and is both durable and soft thanks to its ring-spun cotton material. Layer the t-shirt or wear it on its own and enjoy great looks with little effort! | • Regular fit","not stated per product [placement file types: default] [blank offers: DTG printing, Embroidery, DTF printing]",https://api.printful.com/store/products/471749220 ; https://api.printful.com/products/508
471749221,Unisex garment-dyed pocket t-shirt,Comfort Colors | 6030 | Unisex Garment-Dyed Pocket T-Shirt | Comfort Colors 6030 (catalog id 593),"Achieve the ultimate relaxed look with the unisex garment-dyed pocket t-shirt. The shirt’s made of 100% ring-spun cotton that’s super soft and breathable. The heavyweight material ensures a structured fit that will complement your casual and athletic outfits. Plus, it has a cute pocket detail!

• 100% ring-spun cotton
• Fabric weight: 6.1 oz/yd² (206.8 g/m²)
• Garment-dyed, pre-shrunk fabric
• Yarn diameter: 20 singles
• Relaxed fit
• Twill-taped neck and shoulders for extra durability
• Double-needle armhole, sleeve, and bottom hems
• Single-needle left chest pocket with double-needle hem
• 7/8″ double-needle topstitched collar
• Signature twill label that matches the color of the garment
• Blank product sourced from Honduras",• Fabric weight: 6.1 oz/yd² (206.8 g/m²),"Achieve the ultimate relaxed look with the unisex garment-dyed pocket t-shirt. The shirt’s made of 100% ring-spun cotton that’s super soft and breathable. The heavyweight material ensures a structured fit that will complement your casual and athletic outfits. Plus, it has a cute pocket detail! | • Relaxed fit","not stated per product [placement file types: back, pocket] [blank offers: DTG printing, Embroidery]",https://api.printful.com/store/products/471749221 ; https://api.printful.com/products/593
471751827,Unisex organic oversized high neck t-shirt,Stanley/Stella | SATU020 | Unisex Organic Oversized High Neck Blaster 2.0 T-Shirt | Stanley/Stella SATU020 (catalog id 823),"Upgrade your wardrobe with this oversized t-shirt made from 100% organic combed ring-spun cotton. It’s designed with dropped shoulders and a wide collar, making it perfect for everyday streetwear outfits.

• 100% organic combed ring-spun cotton
• Fabric weight: 5.9 oz./yd.² (200 g/m²)
• Oversized fit
• Set-in sleeves
• Dropped shoulders
• 1 × 1 rib at collar
• Self-fabric neck tape on the inside of the back
• The fabric of this product holds certifications for its organic cotton content under GOTS (Global Organic Textile Standard) and OCS (Organic Content Standard)
• Blank product sourced from Bangladesh

The sizes correspond to a bigger size in the European market, customers from that region should order a size down.",• Fabric weight: 5.9 oz./yd.² (200 g/m²),"Upgrade your wardrobe with this oversized t-shirt made from 100% organic combed ring-spun cotton. It’s designed with dropped shoulders and a wide collar, making it perfect for everyday streetwear outfits. | • Oversized fit","DTF printing [placement file types: front_large_dtf] [blank offers: DTG printing, Embroidery, DTF printing]",https://api.printful.com/store/products/471751827 ; https://api.printful.com/products/823
471752024,Unisex organic oversized high neck t-shirt,Stanley/Stella | SATU020 | Unisex Organic Oversized High Neck Blaster 2.0 T-Shirt | Stanley/Stella SATU020 (catalog id 823),"Upgrade your wardrobe with this oversized t-shirt made from 100% organic combed ring-spun cotton. It’s designed with dropped shoulders and a wide collar, making it perfect for everyday streetwear outfits.

• 100% organic combed ring-spun cotton
• Fabric weight: 5.9 oz./yd.² (200 g/m²)
• Oversized fit
• Set-in sleeves
• Dropped shoulders
• 1 × 1 rib at collar
• Self-fabric neck tape on the inside of the back
• The fabric of this product holds certifications for its organic cotton content under GOTS (Global Organic Textile Standard) and OCS (Organic Content Standard)
• Blank product sourced from Bangladesh

The sizes correspond to a bigger size in the European market, customers from that region should order a size down.",• Fabric weight: 5.9 oz./yd.² (200 g/m²),"Upgrade your wardrobe with this oversized t-shirt made from 100% organic combed ring-spun cotton. It’s designed with dropped shoulders and a wide collar, making it perfect for everyday streetwear outfits. | • Oversized fit","DTF printing [placement file types: back_large_dtf, front_large_dtf] [blank offers: DTG printing, Embroidery, DTF printing]",https://api.printful.com/store/products/471752024 ; https://api.printful.com/products/823
472304860,Mt Laos Unisex garment-dyed sweatshirt,Comfort Colors | 1566 | Unisex Garment-Dyed Sweatshirt | Comfort Colors 1566 (catalog id 839),"This sweatshirt is like a thrifted gem, but better. It provides a soft, worn-in feel, vintage-washed colors, and a relaxed fit—ideal for everyday wear.

• 80% ring-spun cotton, 20% polyester
• Garment-dyed 3-end fleece with a 100% cotton face
• Fabric weight: 9.5 oz./yd.² (322 g/m²)
• Yarn diameter: 30 singles
• Relaxed fit
• Side-seamed construction
• 1 × 1 rib at collar, cuffs, and waistband
• Forward-rolled shoulder
• Twill tape on the inside of the back neck
• Twill label
• The fabric of this product is OEKO-TEX Standard 100-certified
• Blank product sourced from El Salvador

Disclaimer: This sweatshirt undergoes garment-dyeing and softening processes, which may cause slight color variations.",• Fabric weight: 9.5 oz./yd.² (322 g/m²),"This sweatshirt is like a thrifted gem, but better. It provides a soft, worn-in feel, vintage-washed colors, and a relaxed fit—ideal for everyday wear. | • Relaxed fit","DTF printing [placement file types: front_large_dtf, long_sleeve_left_dtf, long_sleeve_right_dtf] [blank offers: DTG printing, Embroidery, DTF printing]",https://api.printful.com/store/products/472304860 ; https://api.printful.com/products/839
472307917,C&C Crown & Concrete Women’s garment dye cropped tee,Bella + Canvas | 6882GD | Women's Garment Dye Cropped Tee | Bella + Canvas 6882GD (catalog id 1579),"This cropped tee delivers a lived-in look with a soft heavyweight feel from the first wear. The garment-dyed finish creates rich color variation, while the oversized sleeves and boxy fit give it a relaxed, modern shape that’s easy to style.

• 100% ring-spun cotton
• Fabric weight: 6.5 oz./yd.² (220 g/m²)
• Cropped, boxy fit
• Oversized sleeves
• Side-seamed construction
• Double-needle cover-stitched seams
• Soft garment-dyed finish with subtle color variation",• Fabric weight: 6.5 oz./yd.² (220 g/m²),"This cropped tee delivers a lived-in look with a soft heavyweight feel from the first wear. The garment-dyed finish creates rich color variation, while the oversized sleeves and boxy fit give it a relaxed, modern shape that’s easy to style. | • Cropped, boxy fit | • Oversized sleeves","DTF printing [placement file types: back_dtf, front_dtf] [blank offers: DTF printing]",https://api.printful.com/store/products/472307917 ; https://api.printful.com/products/1579
472308008,Crop Hoodie,Bella + Canvas | 7502 | Women's Cropped Hoodie | Bella + Canvas 7502 (catalog id 317),"Let fashion take over your wardrobe with this great statement piece. The trendy raw hem and matching drawstrings means that this hoodie is bound to become a true favorite.

• 52% airlume combed and ring-spun cotton, 48% poly fleece
• Fabric weight: 6.5 oz/yd² (220.39 g/m²)
• Dyed-to-match drawstrings
• Dropped shoulder cut
• Cropped body with a raw hem
• Blank product sourced from Mexico, Nicaragua or the United States",• Fabric weight: 6.5 oz/yd² (220.39 g/m²),,"Embroidery [placement file types: back, default, embroidery_wrist_left, embroidery_wrist_right] [blank offers: DTG printing, Embroidery, DTF printing]",https://api.printful.com/store/products/472308008 ; https://api.printful.com/products/317
472308207,Unisex garment-dyed sweatshirt,Comfort Colors | 1566 | Unisex Garment-Dyed Sweatshirt | Comfort Colors 1566 (catalog id 839),"This sweatshirt is like a thrifted gem, but better. It provides a soft, worn-in feel, vintage-washed colors, and a relaxed fit—ideal for everyday wear.

• 80% ring-spun cotton, 20% polyester
• Garment-dyed 3-end fleece with a 100% cotton face
• Fabric weight: 9.5 oz./yd.² (322 g/m²)
• Yarn diameter: 30 singles
• Relaxed fit
• Side-seamed construction
• 1 × 1 rib at collar, cuffs, and waistband
• Forward-rolled shoulder
• Twill tape on the inside of the back neck
• Twill label
• The fabric of this product is OEKO-TEX Standard 100-certified
• Blank product sourced from El Salvador

Disclaimer: This sweatshirt undergoes garment-dyeing and softening processes, which may cause slight color variations.",• Fabric weight: 9.5 oz./yd.² (322 g/m²),"This sweatshirt is like a thrifted gem, but better. It provides a soft, worn-in feel, vintage-washed colors, and a relaxed fit—ideal for everyday wear. | • Relaxed fit","DTF printing [placement file types: front_large_dtf, long_sleeve_left_dtf, long_sleeve_right_dtf] [blank offers: DTG printing, Embroidery, DTF printing]",https://api.printful.com/store/products/472308207 ; https://api.printful.com/products/839
472989424,Ancient Wisdom Oversized faded t-shirt,AS Colour | 5082 | Men's Oversized Faded T-Shirt | AS Colour 5082 (catalog id 713),"Embrace the versatility of the Oversized faded t-shirt, designed for those who appreciate the art of layering and creating unique outfits that effortlessly fuse modern trends with a hint of nostalgia. Its loose fit allows you to play with textures and proportions, giving you the freedom to express your personality through your style.

• 100% carded cotton
• Fabric weight: 7.1 oz. /yd. ² (240 g/m²)
• Garment-dyed, pre-shrunk fabric
• Boxy, oversized fit
• Dropped shoulders
• Wide neck ribbing
• Tear-away label
• Blank product sourced from China",• Fabric weight: 7.1 oz. /yd. ² (240 g/m²),"Embrace the versatility of the Oversized faded t-shirt, designed for those who appreciate the art of layering and creating unique outfits that effortlessly fuse modern trends with a hint of nostalgia. Its loose fit allows you to play with textures and proportions, giving you the freedom to express your personality through your style. | • Boxy, oversized fit","not stated per product [placement file types: back, front_large, sleeve_left] [blank offers: DTG printing, Embroidery, DTF printing]",https://api.printful.com/store/products/472989424 ; https://api.printful.com/products/713
472989804,10 Toes Down organic oversized high neck t-shirt,Stanley/Stella | SATU020 | Unisex Organic Oversized High Neck Blaster 2.0 T-Shirt | Stanley/Stella SATU020 (catalog id 823),"Upgrade your wardrobe with this oversized t-shirt made from 100% organic combed ring-spun cotton. It’s designed with dropped shoulders and a wide collar, making it perfect for everyday streetwear outfits.

• 100% organic combed ring-spun cotton
• Fabric weight: 5.9 oz./yd.² (200 g/m²)
• Oversized fit
• Set-in sleeves
• Dropped shoulders
• 1 × 1 rib at collar
• Self-fabric neck tape on the inside of the back
• The fabric of this product holds certifications for its organic cotton content under GOTS (Global Organic Textile Standard) and OCS (Organic Content Standard)
• Blank product sourced from Bangladesh

The sizes correspond to a bigger size in the European market, customers from that region should order a size down.",• Fabric weight: 5.9 oz./yd.² (200 g/m²),"Upgrade your wardrobe with this oversized t-shirt made from 100% organic combed ring-spun cotton. It’s designed with dropped shoulders and a wide collar, making it perfect for everyday streetwear outfits. | • Oversized fit","DTF printing [placement file types: back_large_dtf, front_large_dtf] [blank offers: DTG printing, Embroidery, DTF printing]",https://api.printful.com/store/products/472989804 ; https://api.printful.com/products/823
472990981,Newport News Oversized faded t-shirt,AS Colour | 5082 | Men's Oversized Faded T-Shirt | AS Colour 5082 (catalog id 713),"Embrace the versatility of the Oversized faded t-shirt, designed for those who appreciate the art of layering and creating unique outfits that effortlessly fuse modern trends with a hint of nostalgia. Its loose fit allows you to play with textures and proportions, giving you the freedom to express your personality through your style.

• 100% carded cotton
• Fabric weight: 7.1 oz. /yd. ² (240 g/m²)
• Garment-dyed, pre-shrunk fabric
• Boxy, oversized fit
• Dropped shoulders
• Wide neck ribbing
• Tear-away label
• Blank product sourced from China",• Fabric weight: 7.1 oz. /yd. ² (240 g/m²),"Embrace the versatility of the Oversized faded t-shirt, designed for those who appreciate the art of layering and creating unique outfits that effortlessly fuse modern trends with a hint of nostalgia. Its loose fit allows you to play with textures and proportions, giving you the freedom to express your personality through your style. | • Boxy, oversized fit","DTF printing [placement file types: back_dtf, front_dtf, short_sleeve_right_dtf] [blank offers: DTG printing, Embroidery, DTF printing]",https://api.printful.com/store/products/472990981 ; https://api.printful.com/products/713
473639940,Hustler Dior Night Shift | Oversized Large Back | Art Review,Stanley/Stella | SATU020 | Unisex Organic Oversized High Neck Blaster 2.0 T-Shirt | Stanley/Stella SATU020 (catalog id 823),"Upgrade your wardrobe with this oversized t-shirt made from 100% organic combed ring-spun cotton. It’s designed with dropped shoulders and a wide collar, making it perfect for everyday streetwear outfits.

• 100% organic combed ring-spun cotton
• Fabric weight: 5.9 oz./yd.² (200 g/m²)
• Oversized fit
• Set-in sleeves
• Dropped shoulders
• 1 × 1 rib at collar
• Self-fabric neck tape on the inside of the back
• The fabric of this product holds certifications for its organic cotton content under GOTS (Global Organic Textile Standard) and OCS (Organic Content Standard)
• Blank product sourced from Bangladesh

The sizes correspond to a bigger size in the European market, customers from that region should order a size down.",• Fabric weight: 5.9 oz./yd.² (200 g/m²),"Upgrade your wardrobe with this oversized t-shirt made from 100% organic combed ring-spun cotton. It’s designed with dropped shoulders and a wide collar, making it perfect for everyday streetwear outfits. | • Oversized fit","DTF printing [placement file types: back_large_dtf, front_dtf] [blank offers: DTG printing, Embroidery, DTF printing]",https://api.printful.com/store/products/473639940 ; https://api.printful.com/products/823
473640039,Hustler Dior No Handouts | AS Colour 5082 Large Front | Art Review,AS Colour | 5082 | Men's Oversized Faded T-Shirt | AS Colour 5082 (catalog id 713),"Embrace the versatility of the Oversized faded t-shirt, designed for those who appreciate the art of layering and creating unique outfits that effortlessly fuse modern trends with a hint of nostalgia. Its loose fit allows you to play with textures and proportions, giving you the freedom to express your personality through your style.

• 100% carded cotton
• Fabric weight: 7.1 oz. /yd. ² (240 g/m²)
• Garment-dyed, pre-shrunk fabric
• Boxy, oversized fit
• Dropped shoulders
• Wide neck ribbing
• Tear-away label
• Blank product sourced from China",• Fabric weight: 7.1 oz. /yd. ² (240 g/m²),"Embrace the versatility of the Oversized faded t-shirt, designed for those who appreciate the art of layering and creating unique outfits that effortlessly fuse modern trends with a hint of nostalgia. Its loose fit allows you to play with textures and proportions, giving you the freedom to express your personality through your style. | • Boxy, oversized fit","not stated per product [placement file types: front_large] [blank offers: DTG printing, Embroidery, DTF printing]",https://api.printful.com/store/products/473640039 ; https://api.printful.com/products/713
473640069,Pay the Price Oversized faded t-shirt,AS Colour | 5082 | Men's Oversized Faded T-Shirt | AS Colour 5082 (catalog id 713),"Embrace the versatility of the Oversized faded t-shirt, designed for those who appreciate the art of layering and creating unique outfits that effortlessly fuse modern trends with a hint of nostalgia. Its loose fit allows you to play with textures and proportions, giving you the freedom to express your personality through your style.

• 100% carded cotton
• Fabric weight: 7.1 oz. /yd. ² (240 g/m²)
• Garment-dyed, pre-shrunk fabric
• Boxy, oversized fit
• Dropped shoulders
• Wide neck ribbing
• Tear-away label
• Blank product sourced from China",• Fabric weight: 7.1 oz. /yd. ² (240 g/m²),"Embrace the versatility of the Oversized faded t-shirt, designed for those who appreciate the art of layering and creating unique outfits that effortlessly fuse modern trends with a hint of nostalgia. Its loose fit allows you to play with textures and proportions, giving you the freedom to express your personality through your style. | • Boxy, oversized fit","not stated per product [placement file types: back, front_large, sleeve_left] [blank offers: DTG printing, Embroidery, DTF printing]",https://api.printful.com/store/products/473640069 ; https://api.printful.com/products/713
473788033,Hustler Dior Purple Hazard | Boxy Football Jersey | Sample Review,(no brand listed) | All-Over Print Boxy Football Jersey | All-Over Print Boxy Football Jersey (catalog id 1367),"A breathable football jersey with silky top fabric and heavy mesh bottom. Moisture-wicking, 2-way stretch, and relaxed fit.

• 2 premium fabrics – silky stretch top, breathable mesh bottom
• Moisture-wicking and durable
• Relaxed fit for athletes and street style
• Blank product materials sourced from China",,"A breathable football jersey with silky top fabric and heavy mesh bottom. Moisture-wicking, 2-way stretch, and relaxed fit. | • Relaxed fit for athletes and street style","not stated per product [placement file types: back, default, sleeve_left, sleeve_right] [blank offers: All-over synthetic]",https://api.printful.com/store/products/473788033 ; https://api.printful.com/products/1367
473800048,Hustler Dior Bone Riot | AOP Oversized Cotton,(no brand listed) | All-Over Print Oversized Cotton T-Shirt | All-Over Print Oversized Cotton T-Shirt (catalog id 1482),"Built for durability and designed to stand out, this heavyweight oversized cotton t-shirt delivers a structured fit, premium feel, and next-level comfort.

• 95% cotton, 5% elastane
• Fabric weight: 8.85 oz./yd.² (300 g/m²)
• Heavyweight cotton-spandex blend with a medium soft feel
• Oversized fit
• Blank product components sourced from Mexico",• Fabric weight: 8.85 oz./yd.² (300 g/m²),"Built for durability and designed to stand out, this heavyweight oversized cotton t-shirt delivers a structured fit, premium feel, and next-level comfort. | • Oversized fit","DTFabric [placement file types: back_dtfabric, front_dtfabric, sleeve_left_dtfabric, sleeve_right_dtfabric] [blank offers: All-over cotton]",https://api.printful.com/store/products/473800048 ; https://api.printful.com/products/1482
473801829,Hustler Dior Bone Riot | Cotton Long Shorts | Sample Review,(no brand listed) | All-Over Print Unisex Cotton Long Shorts | All-Over Print Unisex Cotton Long Shorts (catalog id 1480),"Step up your streetwear game with these Unisex Cotton Long Shorts. Designed with a longer, relaxed fit, they combine effortless style with all-day comfort thanks to soft, breathable cotton. 

95% cotton, 5% elastane
Fabric weight: 8.85 oz./yd.² (300 g/m²)
Heavyweight cotton-spandex blend with a medium soft feel
Unisex fit
Blank product components sourced from Mexico",Fabric weight: 8.85 oz./yd.² (300 g/m²),"Step up your streetwear game with these Unisex Cotton Long Shorts. Designed with a longer, relaxed fit, they combine effortless style with all-day comfort thanks to soft, breathable cotton. | Unisex fit","DTFabric [placement file types: back_dtfabric, front_dtfabric] [blank offers: All-over cotton]",https://api.printful.com/store/products/473801829 ; https://api.printful.com/products/1480
473802415,Hustler Dior Purple Hazard | Utility Crossbody Bag | Sample Review,(no brand listed) | All-Over Print Utility Crossbody Bag | All-Over Print Utility Crossbody Bag (catalog id 744),"This bag is sturdy, stylish, and ready to go wherever you do. With adjustable straps and two spacious pockets, it’s the ultimate accessory for hiking, festivals, and everyday use.

• 100% polyester
• Fabric weight: 9 oz./yd.² (305 g/m²)
• Bag size: 5.7″ × 7.7″ × 2″ (14.5 cm × 19.5 cm × 5 cm)
• Capacity: 0.37 gallons (1.4 l)
• Water-resistant and durable
• Sturdy fabric with fusible backing to add firmness
• Inside and outside pockets
• Adjustable strap
• Two-way zipper
• Blank product components sourced from China",• Fabric weight: 9 oz./yd.² (305 g/m²),,"not stated per product [placement file types: back, default, details, inside_pocket, pocket] [blank offers: All-over synthetic]",https://api.printful.com/store/products/473802415 ; https://api.printful.com/products/744
473802819,Hustler Dior HD Wire | Vintage Dad Hat | Embroidery Review,Otto Cap | 18-1248 | Vintage Cap | Otto Cap 18-1248 (catalog id 327),"Everybody knows that dad caps are no longer just for dads, so get an embroidered cotton twill cap for yourself! This one's really special thanks to the intricate embroidery detail and the washed out vintage feel.

• 100% cotton twill
• 6-panel unstructured cap with a low profile
• 6 sewn eyelets
• Black sweatband
• Metal snap buckle with an antique brass finish
• Washed-out vintage effect
• Blank product sourced from China",,,"Embroidery [placement file types: embroidery_front_large] [blank offers: Embroidery, DTF printing]",https://api.printful.com/store/products/473802819 ; https://api.printful.com/products/327
473961707,Hustler Dior After Hours | Oversized Large Front | Art Review copy,AS Colour | 5082 | Men's Oversized Faded T-Shirt | AS Colour 5082 (catalog id 713),"Embrace the versatility of the Oversized faded t-shirt, designed for those who appreciate the art of layering and creating unique outfits that effortlessly fuse modern trends with a hint of nostalgia. Its loose fit allows you to play with textures and proportions, giving you the freedom to express your personality through your style.

• 100% carded cotton
• Fabric weight: 7.1 oz. /yd. ² (240 g/m²)
• Garment-dyed, pre-shrunk fabric
• Boxy, oversized fit
• Dropped shoulders
• Wide neck ribbing
• Tear-away label
• Blank product sourced from China",• Fabric weight: 7.1 oz. /yd. ² (240 g/m²),"Embrace the versatility of the Oversized faded t-shirt, designed for those who appreciate the art of layering and creating unique outfits that effortlessly fuse modern trends with a hint of nostalgia. Its loose fit allows you to play with textures and proportions, giving you the freedom to express your personality through your style. | • Boxy, oversized fit","not stated per product [placement file types: front_large] [blank offers: DTG printing, Embroidery, DTF printing]",https://api.printful.com/store/products/473961707 ; https://api.printful.com/products/713
474089488,Hustler Dior Lava Drip | Oversized Large Front,AS Colour | 5082 | Men's Oversized Faded T-Shirt | AS Colour 5082 (catalog id 713),"Embrace the versatility of the Oversized faded t-shirt, designed for those who appreciate the art of layering and creating unique outfits that effortlessly fuse modern trends with a hint of nostalgia. Its loose fit allows you to play with textures and proportions, giving you the freedom to express your personality through your style.

• 100% carded cotton
• Fabric weight: 7.1 oz. /yd. ² (240 g/m²)
• Garment-dyed, pre-shrunk fabric
• Boxy, oversized fit
• Dropped shoulders
• Wide neck ribbing
• Tear-away label
• Blank product sourced from China",• Fabric weight: 7.1 oz. /yd. ² (240 g/m²),"Embrace the versatility of the Oversized faded t-shirt, designed for those who appreciate the art of layering and creating unique outfits that effortlessly fuse modern trends with a hint of nostalgia. Its loose fit allows you to play with textures and proportions, giving you the freedom to express your personality through your style. | • Boxy, oversized fit","not stated per product [placement file types: front_large] [blank offers: DTG printing, Embroidery, DTF printing]",https://api.printful.com/store/products/474089488 ; https://api.printful.com/products/713
474089741,Hustler Dior Gothic Foil 7V5AA7 | Oversized Large Front,AS Colour | 5082 | Men's Oversized Faded T-Shirt | AS Colour 5082 (catalog id 713),"Embrace the versatility of the Oversized faded t-shirt, designed for those who appreciate the art of layering and creating unique outfits that effortlessly fuse modern trends with a hint of nostalgia. Its loose fit allows you to play with textures and proportions, giving you the freedom to express your personality through your style.

• 100% carded cotton
• Fabric weight: 7.1 oz. /yd. ² (240 g/m²)
• Garment-dyed, pre-shrunk fabric
• Boxy, oversized fit
• Dropped shoulders
• Wide neck ribbing
• Tear-away label
• Blank product sourced from China",• Fabric weight: 7.1 oz. /yd. ² (240 g/m²),"Embrace the versatility of the Oversized faded t-shirt, designed for those who appreciate the art of layering and creating unique outfits that effortlessly fuse modern trends with a hint of nostalgia. Its loose fit allows you to play with textures and proportions, giving you the freedom to express your personality through your style. | • Boxy, oversized fit","not stated per product [placement file types: front_large] [blank offers: DTG printing, Embroidery, DTF printing]",https://api.printful.com/store/products/474089741 ; https://api.printful.com/products/713
474089928,Hustler Dior Redline | Oversized Large Front | Art Review,AS Colour | 5082 | Men's Oversized Faded T-Shirt | AS Colour 5082 (catalog id 713),"Embrace the versatility of the Oversized faded t-shirt, designed for those who appreciate the art of layering and creating unique outfits that effortlessly fuse modern trends with a hint of nostalgia. Its loose fit allows you to play with textures and proportions, giving you the freedom to express your personality through your style.

• 100% carded cotton
• Fabric weight: 7.1 oz. /yd. ² (240 g/m²)
• Garment-dyed, pre-shrunk fabric
• Boxy, oversized fit
• Dropped shoulders
• Wide neck ribbing
• Tear-away label
• Blank product sourced from China",• Fabric weight: 7.1 oz. /yd. ² (240 g/m²),"Embrace the versatility of the Oversized faded t-shirt, designed for those who appreciate the art of layering and creating unique outfits that effortlessly fuse modern trends with a hint of nostalgia. Its loose fit allows you to play with textures and proportions, giving you the freedom to express your personality through your style. | • Boxy, oversized fit","not stated per product [placement file types: front_large] [blank offers: DTG printing, Embroidery, DTF printing]",https://api.printful.com/store/products/474089928 ; https://api.printful.com/products/713
474089987,Hustler Dior No Signal | Oversized Large Front | Art Review,AS Colour | 5082 | Men's Oversized Faded T-Shirt | AS Colour 5082 (catalog id 713),"Embrace the versatility of the Oversized faded t-shirt, designed for those who appreciate the art of layering and creating unique outfits that effortlessly fuse modern trends with a hint of nostalgia. Its loose fit allows you to play with textures and proportions, giving you the freedom to express your personality through your style.

• 100% carded cotton
• Fabric weight: 7.1 oz. /yd. ² (240 g/m²)
• Garment-dyed, pre-shrunk fabric
• Boxy, oversized fit
• Dropped shoulders
• Wide neck ribbing
• Tear-away label
• Blank product sourced from China",• Fabric weight: 7.1 oz. /yd. ² (240 g/m²),"Embrace the versatility of the Oversized faded t-shirt, designed for those who appreciate the art of layering and creating unique outfits that effortlessly fuse modern trends with a hint of nostalgia. Its loose fit allows you to play with textures and proportions, giving you the freedom to express your personality through your style. | • Boxy, oversized fit","not stated per product [placement file types: front_large] [blank offers: DTG printing, Embroidery, DTF printing]",https://api.printful.com/store/products/474089987 ; https://api.printful.com/products/713
474090040,Hustler Dior Cyber Smash | Oversized Large Front,AS Colour | 5082 | Men's Oversized Faded T-Shirt | AS Colour 5082 (catalog id 713),"Embrace the versatility of the Oversized faded t-shirt, designed for those who appreciate the art of layering and creating unique outfits that effortlessly fuse modern trends with a hint of nostalgia. Its loose fit allows you to play with textures and proportions, giving you the freedom to express your personality through your style.

• 100% carded cotton
• Fabric weight: 7.1 oz. /yd. ² (240 g/m²)
• Garment-dyed, pre-shrunk fabric
• Boxy, oversized fit
• Dropped shoulders
• Wide neck ribbing
• Tear-away label
• Blank product sourced from China",• Fabric weight: 7.1 oz. /yd. ² (240 g/m²),"Embrace the versatility of the Oversized faded t-shirt, designed for those who appreciate the art of layering and creating unique outfits that effortlessly fuse modern trends with a hint of nostalgia. Its loose fit allows you to play with textures and proportions, giving you the freedom to express your personality through your style. | • Boxy, oversized fit","not stated per product [placement file types: front_large] [blank offers: DTG printing, Embroidery, DTF printing]",https://api.printful.com/store/products/474090040 ; https://api.printful.com/products/713
474090042, Hustler Dior Heavy Rotation | Oversized Large Front | Art Review,AS Colour | 5082 | Men's Oversized Faded T-Shirt | AS Colour 5082 (catalog id 713),"Embrace the versatility of the Oversized faded t-shirt, designed for those who appreciate the art of layering and creating unique outfits that effortlessly fuse modern trends with a hint of nostalgia. Its loose fit allows you to play with textures and proportions, giving you the freedom to express your personality through your style.

• 100% carded cotton
• Fabric weight: 7.1 oz. /yd. ² (240 g/m²)
• Garment-dyed, pre-shrunk fabric
• Boxy, oversized fit
• Dropped shoulders
• Wide neck ribbing
• Tear-away label
• Blank product sourced from China",• Fabric weight: 7.1 oz. /yd. ² (240 g/m²),"Embrace the versatility of the Oversized faded t-shirt, designed for those who appreciate the art of layering and creating unique outfits that effortlessly fuse modern trends with a hint of nostalgia. Its loose fit allows you to play with textures and proportions, giving you the freedom to express your personality through your style. | • Boxy, oversized fit","not stated per product [placement file types: front_large] [blank offers: DTG printing, Embroidery, DTF printing]",https://api.printful.com/store/products/474090042 ; https://api.printful.com/products/713
474090514,Hustler Dior Chrome Fire | Oversized Large Front,AS Colour | 5082 | Men's Oversized Faded T-Shirt | AS Colour 5082 (catalog id 713),"Embrace the versatility of the Oversized faded t-shirt, designed for those who appreciate the art of layering and creating unique outfits that effortlessly fuse modern trends with a hint of nostalgia. Its loose fit allows you to play with textures and proportions, giving you the freedom to express your personality through your style.

• 100% carded cotton
• Fabric weight: 7.1 oz. /yd. ² (240 g/m²)
• Garment-dyed, pre-shrunk fabric
• Boxy, oversized fit
• Dropped shoulders
• Wide neck ribbing
• Tear-away label
• Blank product sourced from China",• Fabric weight: 7.1 oz. /yd. ² (240 g/m²),"Embrace the versatility of the Oversized faded t-shirt, designed for those who appreciate the art of layering and creating unique outfits that effortlessly fuse modern trends with a hint of nostalgia. Its loose fit allows you to play with textures and proportions, giving you the freedom to express your personality through your style. | • Boxy, oversized fit","not stated per product [placement file types: front_large] [blank offers: DTG printing, Embroidery, DTF printing]",https://api.printful.com/store/products/474090514 ; https://api.printful.com/products/713
474091339,Hustler Dior 757 Liquid Metal | Oversized Large Front,AS Colour | 5082 | Men's Oversized Faded T-Shirt | AS Colour 5082 (catalog id 713),"Embrace the versatility of the Oversized faded t-shirt, designed for those who appreciate the art of layering and creating unique outfits that effortlessly fuse modern trends with a hint of nostalgia. Its loose fit allows you to play with textures and proportions, giving you the freedom to express your personality through your style.

• 100% carded cotton
• Fabric weight: 7.1 oz. /yd. ² (240 g/m²)
• Garment-dyed, pre-shrunk fabric
• Boxy, oversized fit
• Dropped shoulders
• Wide neck ribbing
• Tear-away label
• Blank product sourced from China",• Fabric weight: 7.1 oz. /yd. ² (240 g/m²),"Embrace the versatility of the Oversized faded t-shirt, designed for those who appreciate the art of layering and creating unique outfits that effortlessly fuse modern trends with a hint of nostalgia. Its loose fit allows you to play with textures and proportions, giving you the freedom to express your personality through your style. | • Boxy, oversized fit","not stated per product [placement file types: back, front_large] [blank offers: DTG printing, Embroidery, DTF printing]",https://api.printful.com/store/products/474091339 ; https://api.printful.com/products/713
474091628,Hustler Dior A Hustler Wears Dior | Oversized Large Front,AS Colour | 5082 | Men's Oversized Faded T-Shirt | AS Colour 5082 (catalog id 713),"Embrace the versatility of the Oversized faded t-shirt, designed for those who appreciate the art of layering and creating unique outfits that effortlessly fuse modern trends with a hint of nostalgia. Its loose fit allows you to play with textures and proportions, giving you the freedom to express your personality through your style.

• 100% carded cotton
• Fabric weight: 7.1 oz. /yd. ² (240 g/m²)
• Garment-dyed, pre-shrunk fabric
• Boxy, oversized fit
• Dropped shoulders
• Wide neck ribbing
• Tear-away label
• Blank product sourced from China",• Fabric weight: 7.1 oz. /yd. ² (240 g/m²),"Embrace the versatility of the Oversized faded t-shirt, designed for those who appreciate the art of layering and creating unique outfits that effortlessly fuse modern trends with a hint of nostalgia. Its loose fit allows you to play with textures and proportions, giving you the freedom to express your personality through your style. | • Boxy, oversized fit","not stated per product [placement file types: back, front_large] [blank offers: DTG printing, Embroidery, DTF printing]",https://api.printful.com/store/products/474091628 ; https://api.printful.com/products/713
474260851,HUSTLER dior Peek at you garment-dyed drop-shoulder t-shirt,Shaka Wear | SHGDD | Unisex Garment-Dyed Drop-Shoulder T-Shirt | Shaka Wear SHGDD (catalog id 1626),"A heavyweight essential with a relaxed streetwear edge, this oversized tee is designed for everyday comfort and effortless styling. The garment-dyed finish creates a worn-in look from day one, while the boxy shape and dropped shoulders deliver a modern silhouette that pairs easily with any wardrobe.

· 100% USA cotton
· Fabric weight: 7.5 oz./yd.² (254 g/m²)
· Oversized streetwear fit
· Dropped shoulders and boxy silhouette
· Garment-dyed finish
· Vintage-washed colors
· Double-needle stitched collar
· Blank product assembled in the USA from globally sourced materials",· Fabric weight: 7.5 oz./yd.² (254 g/m²),"A heavyweight essential with a relaxed streetwear edge, this oversized tee is designed for everyday comfort and effortless styling. The garment-dyed finish creates a worn-in look from day one, while the boxy shape and dropped shoulders deliver a modern silhouette that pairs easily with any wardrobe. | · Oversized streetwear fit | · Dropped shoulders and boxy silhouette",not stated per product [placement file types: default] [blank offers: DTG printing],https://api.printful.com/store/products/474260851 ; https://api.printful.com/products/1626
474261312,Unisex garment-dyed drop-shoulder t-shirt,Shaka Wear | SHGDD | Unisex Garment-Dyed Drop-Shoulder T-Shirt | Shaka Wear SHGDD (catalog id 1626),"A heavyweight essential with a relaxed streetwear edge, this oversized tee is designed for everyday comfort and effortless styling. The garment-dyed finish creates a worn-in look from day one, while the boxy shape and dropped shoulders deliver a modern silhouette that pairs easily with any wardrobe.

· 100% USA cotton
· Fabric weight: 7.5 oz./yd.² (254 g/m²)
· Oversized streetwear fit
· Dropped shoulders and boxy silhouette
· Garment-dyed finish
· Vintage-washed colors
· Double-needle stitched collar
· Blank product assembled in the USA from globally sourced materials",· Fabric weight: 7.5 oz./yd.² (254 g/m²),"A heavyweight essential with a relaxed streetwear edge, this oversized tee is designed for everyday comfort and effortless styling. The garment-dyed finish creates a worn-in look from day one, while the boxy shape and dropped shoulders deliver a modern silhouette that pairs easily with any wardrobe. | · Oversized streetwear fit | · Dropped shoulders and boxy silhouette",not stated per product [placement file types: default] [blank offers: DTG printing],https://api.printful.com/store/products/474261312 ; https://api.printful.com/products/1626
474263688,Crown & Concrete Stone-Wash Dad Hat – “Throne in the Rough” Limited Drop,Otto Cap | 18-1248 | Vintage Cap | Otto Cap 18-1248 (catalog id 327),"Everybody knows that dad caps are no longer just for dads, so get an embroidered cotton twill cap for yourself! This one's really special thanks to the intricate embroidery detail and the washed out vintage feel.

• 100% cotton twill
• 6-panel unstructured cap with a low profile
• 6 sewn eyelets
• Black sweatband
• Metal snap buckle with an antique brass finish
• Washed-out vintage effect
• Blank product sourced from China",,,"Embroidery [placement file types: back, embroidery_front_large, right] [blank offers: Embroidery, DTF printing]",https://api.printful.com/store/products/474263688 ; https://api.printful.com/products/327
474263691,Oversized faded t-shirt,AS Colour | 5082 | Men's Oversized Faded T-Shirt | AS Colour 5082 (catalog id 713),"Embrace the versatility of the Oversized faded t-shirt, designed for those who appreciate the art of layering and creating unique outfits that effortlessly fuse modern trends with a hint of nostalgia. Its loose fit allows you to play with textures and proportions, giving you the freedom to express your personality through your style.

• 100% carded cotton
• Fabric weight: 7.1 oz. /yd. ² (240 g/m²)
• Garment-dyed, pre-shrunk fabric
• Boxy, oversized fit
• Dropped shoulders
• Wide neck ribbing
• Tear-away label
• Blank product sourced from China",• Fabric weight: 7.1 oz. /yd. ² (240 g/m²),"Embrace the versatility of the Oversized faded t-shirt, designed for those who appreciate the art of layering and creating unique outfits that effortlessly fuse modern trends with a hint of nostalgia. Its loose fit allows you to play with textures and proportions, giving you the freedom to express your personality through your style. | • Boxy, oversized fit","not stated per product [placement file types: back, default] [blank offers: DTG printing, Embroidery, DTF printing]",https://api.printful.com/store/products/474263691 ; https://api.printful.com/products/713
474263696,UNCLE SAM COMANDED Unisex t-shirt,Bella + Canvas | 3001 | Unisex Staple T-Shirt | Bella + Canvas 3001 (catalog id 71),"This t-shirt is everything you've dreamed of and more. It feels soft and lightweight, with the right amount of stretch. It's comfortable and flattering for all. 

• 100% combed and ring-spun cotton (Heather colors contain polyester)
• Fabric weight: 4.2 oz./yd.² (142 g/m²)
• Pre-shrunk fabric
• Side-seamed construction
• Shoulder-to-shoulder taping
• Blank product sourced from Nicaragua, Mexico, Honduras, or the US

Disclaimer: The fabric is slightly sheer and may appear see-through, especially in lighter colors or under certain lighting conditions.",• Fabric weight: 4.2 oz./yd.² (142 g/m²),,"not stated per product [placement file types: front_large, sleeve_left] [blank offers: DTG printing, Embroidery, DTF printing]",https://api.printful.com/store/products/474263696 ; https://api.printful.com/products/71
474263702,Crown & Concrete x Hustler Dior “Legends in the Fire” Long-Sleeve,Comfort Colors | 6014 | Unisex Garment-Dyed Heavyweight Long Sleeve Shirt | Comfort Colors 6014 (catalog id 753),"Enjoy ultimate comfort with this unisex garment-dyed shirt, crafted from durable heavyweight fabric and dyed for a lived-in look. The dyeing technique ensures the shirt is pre-shrunk to maintain its shape no matter how many times you wash it.

• 100% soft ring-spun cotton
• Fabric weight: 6.1 oz./yd.² (206.8 g/m²)
• Relaxed fit
• Garment-dyed, pre-shrunk fabric
• Topstitched, classic width collar
• Twill-taped neck and shoulders for comfort and durability
• Rib cuffs
• Shoulder-to-shoulder twill tape
• Signature twill label
• Blank product sourced from Honduras",• Fabric weight: 6.1 oz./yd.² (206.8 g/m²),• Relaxed fit,"not stated per product [placement file types: back, default, sleeve_left, sleeve_right] [blank offers: DTG printing, Embroidery, DTF printing]",https://api.printful.com/store/products/474263702 ; https://api.printful.com/products/753
474263706,Crown & Concrete x Hustler Dior “Kingpin’s Throne” Champion Hoodie,Champion | S700 | Unisex Champion Powerblend Hoodie | S700 (catalog id 842),"This quality hoodie from Champion will keep you dry and comfortable all day. Made with moisture-wicking Double Dry® technology, it’s a go-to for staying fresh on the move.

• 50% cotton, 50% polyester
• Light Steel color is 50% cotton, 40% polyester, and 10% black polyester
• Fabric weight: 9 oz./yd.² (305 g/m²)
• Regular fit
• Set-in sleeves
• Two-ply hood
• Dyed-to-match drawcord
• Kangaroo pocket
• Heavy rib-knit waistband and cuffs
• Embroidered “C” logo on the left cuff
• Blank product sourced from Honduras and Guatemala

Disclaimer: Size up for a looser fit.",• Fabric weight: 9 oz./yd.² (305 g/m²),• Regular fit | Disclaimer: Size up for a looser fit.,"not stated per product [placement file types: back_large, default, sleeve_left] [blank offers: DTG printing, Embroidery, DTF printing]",https://api.printful.com/store/products/474263706 ; https://api.printful.com/products/842
474483188,Hustler Dior Cheetah Globe,(no brand listed) | All-Over Print Oversized Cotton T-Shirt | All-Over Print Oversized Cotton T-Shirt (catalog id 1482),"Built for durability and designed to stand out, this heavyweight oversized cotton t-shirt delivers a structured fit, premium feel, and next-level comfort.

• 95% cotton, 5% elastane
• Fabric weight: 8.85 oz./yd.² (300 g/m²)
• Heavyweight cotton-spandex blend with a medium soft feel
• Oversized fit
• Blank product components sourced from Mexico",• Fabric weight: 8.85 oz./yd.² (300 g/m²),"Built for durability and designed to stand out, this heavyweight oversized cotton t-shirt delivers a structured fit, premium feel, and next-level comfort. | • Oversized fit","DTFabric [placement file types: back_dtfabric, front_dtfabric, sleeve_left_dtfabric, sleeve_right_dtfabric] [blank offers: All-over cotton]",https://api.printful.com/store/products/474483188 ; https://api.printful.com/products/1482
474483220,Hustler Dior Gothic Foil 7V5AA7 | Oversized Large Front,AS Colour | 5082 | Men's Oversized Faded T-Shirt | AS Colour 5082 (catalog id 713),"Embrace the versatility of the Oversized faded t-shirt, designed for those who appreciate the art of layering and creating unique outfits that effortlessly fuse modern trends with a hint of nostalgia. Its loose fit allows you to play with textures and proportions, giving you the freedom to express your personality through your style.

• 100% carded cotton
• Fabric weight: 7.1 oz. /yd. ² (240 g/m²)
• Garment-dyed, pre-shrunk fabric
• Boxy, oversized fit
• Dropped shoulders
• Wide neck ribbing
• Tear-away label
• Blank product sourced from China",• Fabric weight: 7.1 oz. /yd. ² (240 g/m²),"Embrace the versatility of the Oversized faded t-shirt, designed for those who appreciate the art of layering and creating unique outfits that effortlessly fuse modern trends with a hint of nostalgia. Its loose fit allows you to play with textures and proportions, giving you the freedom to express your personality through your style. | • Boxy, oversized fit","not stated per product [placement file types: front_large] [blank offers: DTG printing, Embroidery, DTF printing]",https://api.printful.com/store/products/474483220 ; https://api.printful.com/products/713
474483339,Hustler Dior Redline | Oversized Large Front | Art Review,AS Colour | 5082 | Men's Oversized Faded T-Shirt | AS Colour 5082 (catalog id 713),"Embrace the versatility of the Oversized faded t-shirt, designed for those who appreciate the art of layering and creating unique outfits that effortlessly fuse modern trends with a hint of nostalgia. Its loose fit allows you to play with textures and proportions, giving you the freedom to express your personality through your style.

• 100% carded cotton
• Fabric weight: 7.1 oz. /yd. ² (240 g/m²)
• Garment-dyed, pre-shrunk fabric
• Boxy, oversized fit
• Dropped shoulders
• Wide neck ribbing
• Tear-away label
• Blank product sourced from China",• Fabric weight: 7.1 oz. /yd. ² (240 g/m²),"Embrace the versatility of the Oversized faded t-shirt, designed for those who appreciate the art of layering and creating unique outfits that effortlessly fuse modern trends with a hint of nostalgia. Its loose fit allows you to play with textures and proportions, giving you the freedom to express your personality through your style. | • Boxy, oversized fit","not stated per product [placement file types: front_large] [blank offers: DTG printing, Embroidery, DTF printing]",https://api.printful.com/store/products/474483339 ; https://api.printful.com/products/713
475014676,Hustler Diof Egyptian organic oversized high neck t-shirt,Stanley/Stella | SATU020 | Unisex Organic Oversized High Neck Blaster 2.0 T-Shirt | Stanley/Stella SATU020 (catalog id 823),"Upgrade your wardrobe with this oversized t-shirt made from 100% organic combed ring-spun cotton. It’s designed with dropped shoulders and a wide collar, making it perfect for everyday streetwear outfits.

• 100% organic combed ring-spun cotton
• Fabric weight: 5.9 oz./yd.² (200 g/m²)
• Oversized fit
• Set-in sleeves
• Dropped shoulders
• 1 × 1 rib at collar
• Self-fabric neck tape on the inside of the back
• The fabric of this product holds certifications for its organic cotton content under GOTS (Global Organic Textile Standard) and OCS (Organic Content Standard)
• Blank product sourced from Bangladesh

The sizes correspond to a bigger size in the European market, customers from that region should order a size down.",• Fabric weight: 5.9 oz./yd.² (200 g/m²),"Upgrade your wardrobe with this oversized t-shirt made from 100% organic combed ring-spun cotton. It’s designed with dropped shoulders and a wide collar, making it perfect for everyday streetwear outfits. | • Oversized fit","DTF printing [placement file types: back_large_dtf, front_large_dtf] [blank offers: DTG printing, Embroidery, DTF printing]",https://api.printful.com/store/products/475014676 ; https://api.printful.com/products/823
475014725,Hustler Dior Ancient Egyptian Unisex organic oversized high neck t-shirt,Stanley/Stella | SATU020 | Unisex Organic Oversized High Neck Blaster 2.0 T-Shirt | Stanley/Stella SATU020 (catalog id 823),"Upgrade your wardrobe with this oversized t-shirt made from 100% organic combed ring-spun cotton. It’s designed with dropped shoulders and a wide collar, making it perfect for everyday streetwear outfits.

• 100% organic combed ring-spun cotton
• Fabric weight: 5.9 oz./yd.² (200 g/m²)
• Oversized fit
• Set-in sleeves
• Dropped shoulders
• 1 × 1 rib at collar
• Self-fabric neck tape on the inside of the back
• The fabric of this product holds certifications for its organic cotton content under GOTS (Global Organic Textile Standard) and OCS (Organic Content Standard)
• Blank product sourced from Bangladesh

The sizes correspond to a bigger size in the European market, customers from that region should order a size down.",• Fabric weight: 5.9 oz./yd.² (200 g/m²),"Upgrade your wardrobe with this oversized t-shirt made from 100% organic combed ring-spun cotton. It’s designed with dropped shoulders and a wide collar, making it perfect for everyday streetwear outfits. | • Oversized fit","DTF printing [placement file types: back_large_dtf, front_large_dtf, short_sleeve_right_dtf] [blank offers: DTG printing, Embroidery, DTF printing]",https://api.printful.com/store/products/475014725 ; https://api.printful.com/products/823
475014738,Hustler Dior Virginia Beach Tee Takeover Unisex organic oversized high neck t-shirt,Stanley/Stella | SATU020 | Unisex Organic Oversized High Neck Blaster 2.0 T-Shirt | Stanley/Stella SATU020 (catalog id 823),"Upgrade your wardrobe with this oversized t-shirt made from 100% organic combed ring-spun cotton. It’s designed with dropped shoulders and a wide collar, making it perfect for everyday streetwear outfits.

• 100% organic combed ring-spun cotton
• Fabric weight: 5.9 oz./yd.² (200 g/m²)
• Oversized fit
• Set-in sleeves
• Dropped shoulders
• 1 × 1 rib at collar
• Self-fabric neck tape on the inside of the back
• The fabric of this product holds certifications for its organic cotton content under GOTS (Global Organic Textile Standard) and OCS (Organic Content Standard)
• Blank product sourced from Bangladesh

The sizes correspond to a bigger size in the European market, customers from that region should order a size down.",• Fabric weight: 5.9 oz./yd.² (200 g/m²),"Upgrade your wardrobe with this oversized t-shirt made from 100% organic combed ring-spun cotton. It’s designed with dropped shoulders and a wide collar, making it perfect for everyday streetwear outfits. | • Oversized fit","DTF printing [placement file types: back_dtf, front_large_dtf, short_sleeve_right_dtf] [blank offers: DTG printing, Embroidery, DTF printing]",https://api.printful.com/store/products/475014738 ; https://api.printful.com/products/823
475014805,Trippy Hustler Dior Unisex organic oversized high neck t-shirt,Stanley/Stella | SATU020 | Unisex Organic Oversized High Neck Blaster 2.0 T-Shirt | Stanley/Stella SATU020 (catalog id 823),"Upgrade your wardrobe with this oversized t-shirt made from 100% organic combed ring-spun cotton. It’s designed with dropped shoulders and a wide collar, making it perfect for everyday streetwear outfits.

• 100% organic combed ring-spun cotton
• Fabric weight: 5.9 oz./yd.² (200 g/m²)
• Oversized fit
• Set-in sleeves
• Dropped shoulders
• 1 × 1 rib at collar
• Self-fabric neck tape on the inside of the back
• The fabric of this product holds certifications for its organic cotton content under GOTS (Global Organic Textile Standard) and OCS (Organic Content Standard)
• Blank product sourced from Bangladesh

The sizes correspond to a bigger size in the European market, customers from that region should order a size down.",• Fabric weight: 5.9 oz./yd.² (200 g/m²),"Upgrade your wardrobe with this oversized t-shirt made from 100% organic combed ring-spun cotton. It’s designed with dropped shoulders and a wide collar, making it perfect for everyday streetwear outfits. | • Oversized fit","DTF printing [placement file types: back_large_dtf, front_dtf, short_sleeve_left_dtf] [blank offers: DTG printing, Embroidery, DTF printing]",https://api.printful.com/store/products/475014805 ; https://api.printful.com/products/823
475170199,Hustler Dior Dog Gone Wildn Out Unisex oversized boxy tee,Bella + Canvas | 3010 | Unisex Oversized Boxy Tee | Bella+Canvas 3010 (catalog id 1592),"Upgrade your everyday wardrobe with this heavyweight oversized tee. The relaxed, boxy fit and dropped shoulders create a laid-back look, while the premium cotton fabric delivers comfort you'll reach for again and again. Easy to wear on its own or layered, it's a versatile staple for any style.

· 100% Airlume combed and ring-spun cotton
· Athletic Heather is 90% Airlume combed and ring-spun cotton, 10% polyester
· Fabric weight: 6 oz./yd.² (170 g/m²)
· Relaxed oversized fit
· Dropped shoulders
· Side-seamed construction
· Durable double-needle topstitching
· Blank product sourced from Nicaragua",· Fabric weight: 6 oz./yd.² (170 g/m²),"Upgrade your everyday wardrobe with this heavyweight oversized tee. The relaxed, boxy fit and dropped shoulders create a laid-back look, while the premium cotton fabric delivers comfort you'll reach for again and again. Easy to wear on its own or layered, it's a versatile staple for any style. | · Relaxed oversized fit","not stated per product [placement file types: back, default] [blank offers: DTG printing, DTF printing]",https://api.printful.com/store/products/475170199 ; https://api.printful.com/products/1592
475170238,Hustler Dior Jaws Unisex organic oversized high neck t-shirt,Stanley/Stella | SATU020 | Unisex Organic Oversized High Neck Blaster 2.0 T-Shirt | Stanley/Stella SATU020 (catalog id 823),"Upgrade your wardrobe with this oversized t-shirt made from 100% organic combed ring-spun cotton. It’s designed with dropped shoulders and a wide collar, making it perfect for everyday streetwear outfits.

• 100% organic combed ring-spun cotton
• Fabric weight: 5.9 oz./yd.² (200 g/m²)
• Oversized fit
• Set-in sleeves
• Dropped shoulders
• 1 × 1 rib at collar
• Self-fabric neck tape on the inside of the back
• The fabric of this product holds certifications for its organic cotton content under GOTS (Global Organic Textile Standard) and OCS (Organic Content Standard)
• Blank product sourced from Bangladesh

The sizes correspond to a bigger size in the European market, customers from that region should order a size down.",• Fabric weight: 5.9 oz./yd.² (200 g/m²),"Upgrade your wardrobe with this oversized t-shirt made from 100% organic combed ring-spun cotton. It’s designed with dropped shoulders and a wide collar, making it perfect for everyday streetwear outfits. | • Oversized fit","DTF printing [placement file types: back_large_dtf, front_large_dtf] [blank offers: DTG printing, Embroidery, DTF printing]",https://api.printful.com/store/products/475170238 ; https://api.printful.com/products/823
475170822,Hustler Dior Bandana garment-dyed vintage hoodie,Stanley/Stella | SASU042 / STSU282 | Unisex Garment-Dyed Chaser Vintage Hoodie | Stanley/Stella SASU042/STSU282 (catalog id 1659),"Go for a lived-in look with a heavyweight hoodie that develops more character over time. Garment dyeing creates subtle variations between pieces, while brushed fleece, a double-layered hood, and ribbed finishes make it a cozy everyday layer.

· 80% organic combed ring-spun cotton, 20% recycled polyester
· Brushed 3-end fleece with a 100% organic cotton face
· Fabric weight: 9.7 oz./yd.² (330 g/m²)
· Garment-dyed finish
· Double self-fabric-lined hood
· Kangaroo pocket at front
· 100% cotton, elastane-free 1 × 1 rib at sleeve cuffs and bottom hem
· Slight shading on seams for a washed look
· Blank product sourced from Bangladesh

Disclaimer: Each garment may vary in appearance. The faded effect will become stronger over time, and color may transfer through rubbing onto light-colored materials.",· Fabric weight: 9.7 oz./yd.² (330 g/m²),,"DTF printing [placement file types: back_large_dtf, front_dtf, long_sleeve_left_dtf, long_sleeve_right_dtf] [blank offers: Embroidery, DTF printing]",https://api.printful.com/store/products/475170822 ; https://api.printful.com/products/1659
475170849,Hustler Dior Dog Gone Unisex sculpted heavyweight hoodie,Stanley/Stella | SASU057 / STSU278 | Unisex Sculpted Heavyweight Hoodie | Stanley/Stella SASU057 / STSU278 (catalog id 1658),"Reach for a substantial layer when the temperature drops. This heavyweight hoodie combines dense brushed fleece with a double-layered hood and cotton ribbed finishes for a clean, structured everyday look.

· 80% organic combed ring-spun cotton, 20% recycled polyester
· Brushed 3-end fleece with a 100% organic cotton face
· Fabric weight: 15 oz./yd.² (500 g/m²)
· Double self-fabric-lined hood
· 100% cotton, elastane-free 1 × 1 rib at sleeve cuffs and bottom hem
· Twin-needle topstitching at hem, sleeve cuffs, and armholes
· Blank product sourced from Bangladesh",· Fabric weight: 15 oz./yd.² (500 g/m²),,"DTF printing [placement file types: back_dtf, front_large_dtf] [blank offers: Embroidery, DTF printing]",https://api.printful.com/store/products/475170849 ; https://api.printful.com/products/1658
475173093,Hustler Dior Skull Minded Unisex oversized boxy tee,Bella + Canvas | 3010 | Unisex Oversized Boxy Tee | Bella+Canvas 3010 (catalog id 1592),"Upgrade your everyday wardrobe with this heavyweight oversized tee. The relaxed, boxy fit and dropped shoulders create a laid-back look, while the premium cotton fabric delivers comfort you'll reach for again and again. Easy to wear on its own or layered, it's a versatile staple for any style.

· 100% Airlume combed and ring-spun cotton
· Athletic Heather is 90% Airlume combed and ring-spun cotton, 10% polyester
· Fabric weight: 6 oz./yd.² (170 g/m²)
· Relaxed oversized fit
· Dropped shoulders
· Side-seamed construction
· Durable double-needle topstitching
· Blank product sourced from Nicaragua",· Fabric weight: 6 oz./yd.² (170 g/m²),"Upgrade your everyday wardrobe with this heavyweight oversized tee. The relaxed, boxy fit and dropped shoulders create a laid-back look, while the premium cotton fabric delivers comfort you'll reach for again and again. Easy to wear on its own or layered, it's a versatile staple for any style. | · Relaxed oversized fit","not stated per product [placement file types: back, default] [blank offers: DTG printing, DTF printing]",https://api.printful.com/store/products/475173093 ; https://api.printful.com/products/1592
475212163,Hustler Dior Whole World On Fire Unisex organic oversized high neck t-shirt,Stanley/Stella | SATU020 | Unisex Organic Oversized High Neck Blaster 2.0 T-Shirt | Stanley/Stella SATU020 (catalog id 823),"Upgrade your wardrobe with this oversized t-shirt made from 100% organic combed ring-spun cotton. It’s designed with dropped shoulders and a wide collar, making it perfect for everyday streetwear outfits.

• 100% organic combed ring-spun cotton
• Fabric weight: 5.9 oz./yd.² (200 g/m²)
• Oversized fit
• Set-in sleeves
• Dropped shoulders
• 1 × 1 rib at collar
• Self-fabric neck tape on the inside of the back
• The fabric of this product holds certifications for its organic cotton content under GOTS (Global Organic Textile Standard) and OCS (Organic Content Standard)
• Blank product sourced from Bangladesh

The sizes correspond to a bigger size in the European market, customers from that region should order a size down.",• Fabric weight: 5.9 oz./yd.² (200 g/m²),"Upgrade your wardrobe with this oversized t-shirt made from 100% organic combed ring-spun cotton. It’s designed with dropped shoulders and a wide collar, making it perfect for everyday streetwear outfits. | • Oversized fit","DTF printing [placement file types: back_large_dtf, front_large_dtf] [blank offers: DTG printing, Embroidery, DTF printing]",https://api.printful.com/store/products/475212163 ; https://api.printful.com/products/823
475220774,Scorpion Camouflage Unisex button shirt,(no brand listed) | All-Over Print Unisex Button Shirt | All-Over Print Unisex Button Shirt (catalog id 659),"Meet your new favorite summer shirt! It exudes coolness both in terms of style and material. Plus, its featherlight and moisture-wicking material ensures comfort even on the hottest days.

• Fabric composition in the EU: 65% recycled polyester, 35% polyester
• Fabric composition in the US: 100% recycled polyester
• Fabric weight in the EU: 2.95 oz./yd.² (100 g/m²)
• Fabric weight in the US: 3.24 oz./yd.² (110 g/m²)
• Fabric specifications in the EU: Breathable; moisture-wicking material with UPF50+ protection
• Oversized fit
• Blank product components sourced from China/Mexico

Disclaimers: 
• In areas where the fabric is double-layered, details from the inner fabric layer may subtly show through, especially with lighter designs.
• After washing, the fabric will become softer.",• Fabric weight in the EU: 2.95 oz./yd.² (100 g/m²) | • Fabric weight in the US: 3.24 oz./yd.² (110 g/m²),• Oversized fit,"not stated per product [placement file types: back, default, details, inside_yoke, label_inside, sleeve_left, sleeve_right] [blank offers: All-over synthetic]",https://api.printful.com/store/products/475220774 ; https://api.printful.com/products/659
475304812,Hustler Dior Heavens Gate Unisex oversized boxy tee,Bella + Canvas | 3010 | Unisex Oversized Boxy Tee | Bella+Canvas 3010 (catalog id 1592),"Upgrade your everyday wardrobe with this heavyweight oversized tee. The relaxed, boxy fit and dropped shoulders create a laid-back look, while the premium cotton fabric delivers comfort you'll reach for again and again. Easy to wear on its own or layered, it's a versatile staple for any style.

· 100% Airlume combed and ring-spun cotton
· Athletic Heather is 90% Airlume combed and ring-spun cotton, 10% polyester
· Fabric weight: 6 oz./yd.² (170 g/m²)
· Relaxed oversized fit
· Dropped shoulders
· Side-seamed construction
· Durable double-needle topstitching
· Blank product sourced from Nicaragua",· Fabric weight: 6 oz./yd.² (170 g/m²),"Upgrade your everyday wardrobe with this heavyweight oversized tee. The relaxed, boxy fit and dropped shoulders create a laid-back look, while the premium cotton fabric delivers comfort you'll reach for again and again. Easy to wear on its own or layered, it's a versatile staple for any style. | · Relaxed oversized fit","not stated per product [placement file types: back, default] [blank offers: DTG printing, DTF printing]",https://api.printful.com/store/products/475304812 ; https://api.printful.com/products/1592
475565924,Flag on the play oversized boxy tee,Bella + Canvas | 3010 | Unisex Oversized Boxy Tee | Bella+Canvas 3010 (catalog id 1592),"Upgrade your everyday wardrobe with this heavyweight oversized tee. The relaxed, boxy fit and dropped shoulders create a laid-back look, while the premium cotton fabric delivers comfort you'll reach for again and again. Easy to wear on its own or layered, it's a versatile staple for any style.

· 100% Airlume combed and ring-spun cotton
· Athletic Heather is 90% Airlume combed and ring-spun cotton, 10% polyester
· Fabric weight: 6 oz./yd.² (170 g/m²)
· Relaxed oversized fit
· Dropped shoulders
· Side-seamed construction
· Durable double-needle topstitching
· Blank product sourced from Nicaragua",· Fabric weight: 6 oz./yd.² (170 g/m²),"Upgrade your everyday wardrobe with this heavyweight oversized tee. The relaxed, boxy fit and dropped shoulders create a laid-back look, while the premium cotton fabric delivers comfort you'll reach for again and again. Easy to wear on its own or layered, it's a versatile staple for any style. | · Relaxed oversized fit","not stated per product [placement file types: back, default] [blank offers: DTG printing, DTF printing]",https://api.printful.com/store/products/475565924 ; https://api.printful.com/products/1592
476368797,I just Fd ya CHICK in Gucci FlipFlops versized faded t-shirt,AS Colour | 5082 | Men's Oversized Faded T-Shirt | AS Colour 5082 (catalog id 713),"Embrace the versatility of the Oversized faded t-shirt, designed for those who appreciate the art of layering and creating unique outfits that effortlessly fuse modern trends with a hint of nostalgia. Its loose fit allows you to play with textures and proportions, giving you the freedom to express your personality through your style.

• 100% carded cotton
• Fabric weight: 7.1 oz. /yd. ² (240 g/m²)
• Garment-dyed, pre-shrunk fabric
• Boxy, oversized fit
• Dropped shoulders
• Wide neck ribbing
• Tear-away label
• Blank product sourced from China",• Fabric weight: 7.1 oz. /yd. ² (240 g/m²),"Embrace the versatility of the Oversized faded t-shirt, designed for those who appreciate the art of layering and creating unique outfits that effortlessly fuse modern trends with a hint of nostalgia. Its loose fit allows you to play with textures and proportions, giving you the freedom to express your personality through your style. | • Boxy, oversized fit","not stated per product [placement file types: back, front_large, sleeve_left] [blank offers: DTG printing, Embroidery, DTF printing]",https://api.printful.com/store/products/476368797 ; https://api.printful.com/products/713
476371139,Fatjoe Bronx Bully Unisex organic oversized high neck t-shirt,Stanley/Stella | SATU020 | Unisex Organic Oversized High Neck Blaster 2.0 T-Shirt | Stanley/Stella SATU020 (catalog id 823),"Upgrade your wardrobe with this oversized t-shirt made from 100% organic combed ring-spun cotton. It’s designed with dropped shoulders and a wide collar, making it perfect for everyday streetwear outfits.

• 100% organic combed ring-spun cotton
• Fabric weight: 5.9 oz./yd.² (200 g/m²)
• Oversized fit
• Set-in sleeves
• Dropped shoulders
• 1 × 1 rib at collar
• Self-fabric neck tape on the inside of the back
• The fabric of this product holds certifications for its organic cotton content under GOTS (Global Organic Textile Standard) and OCS (Organic Content Standard)
• Blank product sourced from Bangladesh

The sizes correspond to a bigger size in the European market, customers from that region should order a size down.",• Fabric weight: 5.9 oz./yd.² (200 g/m²),"Upgrade your wardrobe with this oversized t-shirt made from 100% organic combed ring-spun cotton. It’s designed with dropped shoulders and a wide collar, making it perfect for everyday streetwear outfits. | • Oversized fit","DTF printing [placement file types: back_large_dtf, front_large_dtf] [blank offers: DTG printing, Embroidery, DTF printing]",https://api.printful.com/store/products/476371139 ; https://api.printful.com/products/823
476371270,La Lakers Hotplate Shirt unisex oversized boxy tee,Bella + Canvas | 3010 | Unisex Oversized Boxy Tee | Bella+Canvas 3010 (catalog id 1592),"Upgrade your everyday wardrobe with this heavyweight oversized tee. The relaxed, boxy fit and dropped shoulders create a laid-back look, while the premium cotton fabric delivers comfort you'll reach for again and again. Easy to wear on its own or layered, it's a versatile staple for any style.

· 100% Airlume combed and ring-spun cotton
· Athletic Heather is 90% Airlume combed and ring-spun cotton, 10% polyester
· Fabric weight: 6 oz./yd.² (170 g/m²)
· Relaxed oversized fit
· Dropped shoulders
· Side-seamed construction
· Durable double-needle topstitching
· Blank product sourced from Nicaragua",· Fabric weight: 6 oz./yd.² (170 g/m²),"Upgrade your everyday wardrobe with this heavyweight oversized tee. The relaxed, boxy fit and dropped shoulders create a laid-back look, while the premium cotton fabric delivers comfort you'll reach for again and again. Easy to wear on its own or layered, it's a versatile staple for any style. | · Relaxed oversized fit","not stated per product [placement file types: back, default] [blank offers: DTG printing, DTF printing]",https://api.printful.com/store/products/476371270 ; https://api.printful.com/products/1592
476380927,Mr. ROGERS Oversized faded t-shirt,AS Colour | 5082 | Men's Oversized Faded T-Shirt | AS Colour 5082 (catalog id 713),"Embrace the versatility of the Oversized faded t-shirt, designed for those who appreciate the art of layering and creating unique outfits that effortlessly fuse modern trends with a hint of nostalgia. Its loose fit allows you to play with textures and proportions, giving you the freedom to express your personality through your style.

• 100% carded cotton
• Fabric weight: 7.1 oz. /yd. ² (240 g/m²)
• Garment-dyed, pre-shrunk fabric
• Boxy, oversized fit
• Dropped shoulders
• Wide neck ribbing
• Tear-away label
• Blank product sourced from China",• Fabric weight: 7.1 oz. /yd. ² (240 g/m²),"Embrace the versatility of the Oversized faded t-shirt, designed for those who appreciate the art of layering and creating unique outfits that effortlessly fuse modern trends with a hint of nostalgia. Its loose fit allows you to play with textures and proportions, giving you the freedom to express your personality through your style. | • Boxy, oversized fit","not stated per product [placement file types: back, front_large] [blank offers: DTG printing, Embroidery, DTF printing]",https://api.printful.com/store/products/476380927 ; https://api.printful.com/products/713
476461520,Fat Joe Bronx Bully Unisex organic oversized high neck t-shirt,Stanley/Stella | SATU020 | Unisex Organic Oversized High Neck Blaster 2.0 T-Shirt | Stanley/Stella SATU020 (catalog id 823),"Upgrade your wardrobe with this oversized t-shirt made from 100% organic combed ring-spun cotton. It’s designed with dropped shoulders and a wide collar, making it perfect for everyday streetwear outfits.

• 100% organic combed ring-spun cotton
• Fabric weight: 5.9 oz./yd.² (200 g/m²)
• Oversized fit
• Set-in sleeves
• Dropped shoulders
• 1 × 1 rib at collar
• Self-fabric neck tape on the inside of the back
• The fabric of this product holds certifications for its organic cotton content under GOTS (Global Organic Textile Standard) and OCS (Organic Content Standard)
• Blank product sourced from Bangladesh

The sizes correspond to a bigger size in the European market, customers from that region should order a size down.",• Fabric weight: 5.9 oz./yd.² (200 g/m²),"Upgrade your wardrobe with this oversized t-shirt made from 100% organic combed ring-spun cotton. It’s designed with dropped shoulders and a wide collar, making it perfect for everyday streetwear outfits. | • Oversized fit","DTF printing [placement file types: back_large_dtf, front_large_dtf] [blank offers: DTG printing, Embroidery, DTF printing]",https://api.printful.com/store/products/476461520 ; https://api.printful.com/products/823
476461521,La HotplatedUnisex oversized boxy tee,Bella + Canvas | 3010 | Unisex Oversized Boxy Tee | Bella+Canvas 3010 (catalog id 1592),"Upgrade your everyday wardrobe with this heavyweight oversized tee. The relaxed, boxy fit and dropped shoulders create a laid-back look, while the premium cotton fabric delivers comfort you'll reach for again and again. Easy to wear on its own or layered, it's a versatile staple for any style.

· 100% Airlume combed and ring-spun cotton
· Athletic Heather is 90% Airlume combed and ring-spun cotton, 10% polyester
· Fabric weight: 6 oz./yd.² (170 g/m²)
· Relaxed oversized fit
· Dropped shoulders
· Side-seamed construction
· Durable double-needle topstitching
· Blank product sourced from Nicaragua",· Fabric weight: 6 oz./yd.² (170 g/m²),"Upgrade your everyday wardrobe with this heavyweight oversized tee. The relaxed, boxy fit and dropped shoulders create a laid-back look, while the premium cotton fabric delivers comfort you'll reach for again and again. Easy to wear on its own or layered, it's a versatile staple for any style. | · Relaxed oversized fit","not stated per product [placement file types: back, default] [blank offers: DTG printing, DTF printing]",https://api.printful.com/store/products/476461521 ; https://api.printful.com/products/1592
476802596,Olivia Benson Oversized Tee | Vintage SVU Bootleg Streetwear,Stanley/Stella | SATU020 | Unisex Organic Oversized High Neck Blaster 2.0 T-Shirt | Stanley/Stella SATU020 (catalog id 823),"Upgrade your wardrobe with this oversized t-shirt made from 100% organic combed ring-spun cotton. It’s designed with dropped shoulders and a wide collar, making it perfect for everyday streetwear outfits.

• 100% organic combed ring-spun cotton
• Fabric weight: 5.9 oz./yd.² (200 g/m²)
• Oversized fit
• Set-in sleeves
• Dropped shoulders
• 1 × 1 rib at collar
• Self-fabric neck tape on the inside of the back
• The fabric of this product holds certifications for its organic cotton content under GOTS (Global Organic Textile Standard) and OCS (Organic Content Standard)
• Blank product sourced from Bangladesh

The sizes correspond to a bigger size in the European market, customers from that region should order a size down.",• Fabric weight: 5.9 oz./yd.² (200 g/m²),"Upgrade your wardrobe with this oversized t-shirt made from 100% organic combed ring-spun cotton. It’s designed with dropped shoulders and a wide collar, making it perfect for everyday streetwear outfits. | • Oversized fit","DTF printing [placement file types: back_large_dtf, front_large_dtf, short_sleeve_left_dtf] [blank offers: DTG printing, Embroidery, DTF printing]",https://api.printful.com/store/products/476802596 ; https://api.printful.com/products/823
476804236,Shrek Tactical Swamp Operator Oversized Tee,Stanley/Stella | SATU020 | Unisex Organic Oversized High Neck Blaster 2.0 T-Shirt | Stanley/Stella SATU020 (catalog id 823),"Upgrade your wardrobe with this oversized t-shirt made from 100% organic combed ring-spun cotton. It’s designed with dropped shoulders and a wide collar, making it perfect for everyday streetwear outfits.

• 100% organic combed ring-spun cotton
• Fabric weight: 5.9 oz./yd.² (200 g/m²)
• Oversized fit
• Set-in sleeves
• Dropped shoulders
• 1 × 1 rib at collar
• Self-fabric neck tape on the inside of the back
• The fabric of this product holds certifications for its organic cotton content under GOTS (Global Organic Textile Standard) and OCS (Organic Content Standard)
• Blank product sourced from Bangladesh

The sizes correspond to a bigger size in the European market, customers from that region should order a size down.",• Fabric weight: 5.9 oz./yd.² (200 g/m²),"Upgrade your wardrobe with this oversized t-shirt made from 100% organic combed ring-spun cotton. It’s designed with dropped shoulders and a wide collar, making it perfect for everyday streetwear outfits. | • Oversized fit","DTF printing [placement file types: back_large_dtf, front_large_dtf] [blank offers: DTG printing, Embroidery, DTF printing]",https://api.printful.com/store/products/476804236 ; https://api.printful.com/products/823
476817112,Vote For Pedro Vintage Bootleg Streetwear Shirt | Idaho Bully Oversized Graphic Tee,Stanley/Stella | SATU020 | Unisex Organic Oversized High Neck Blaster 2.0 T-Shirt | Stanley/Stella SATU020 (catalog id 823),"Upgrade your wardrobe with this oversized t-shirt made from 100% organic combed ring-spun cotton. It’s designed with dropped shoulders and a wide collar, making it perfect for everyday streetwear outfits.

• 100% organic combed ring-spun cotton
• Fabric weight: 5.9 oz./yd.² (200 g/m²)
• Oversized fit
• Set-in sleeves
• Dropped shoulders
• 1 × 1 rib at collar
• Self-fabric neck tape on the inside of the back
• The fabric of this product holds certifications for its organic cotton content under GOTS (Global Organic Textile Standard) and OCS (Organic Content Standard)
• Blank product sourced from Bangladesh

The sizes correspond to a bigger size in the European market, customers from that region should order a size down.",• Fabric weight: 5.9 oz./yd.² (200 g/m²),"Upgrade your wardrobe with this oversized t-shirt made from 100% organic combed ring-spun cotton. It’s designed with dropped shoulders and a wide collar, making it perfect for everyday streetwear outfits. | • Oversized fit","DTF printing [placement file types: back_large_dtf, front_large_dtf, short_sleeve_left_dtf] [blank offers: DTG printing, Embroidery, DTF printing]",https://api.printful.com/store/products/476817112 ; https://api.printful.com/products/823
476820616,Virginia Beach Legends Vintage Bootleg Rap Tee | 757 Hip Hop Oversized Shirt,Stanley/Stella | SATU020 | Unisex Organic Oversized High Neck Blaster 2.0 T-Shirt | Stanley/Stella SATU020 (catalog id 823),"Upgrade your wardrobe with this oversized t-shirt made from 100% organic combed ring-spun cotton. It’s designed with dropped shoulders and a wide collar, making it perfect for everyday streetwear outfits.

• 100% organic combed ring-spun cotton
• Fabric weight: 5.9 oz./yd.² (200 g/m²)
• Oversized fit
• Set-in sleeves
• Dropped shoulders
• 1 × 1 rib at collar
• Self-fabric neck tape on the inside of the back
• The fabric of this product holds certifications for its organic cotton content under GOTS (Global Organic Textile Standard) and OCS (Organic Content Standard)
• Blank product sourced from Bangladesh

The sizes correspond to a bigger size in the European market, customers from that region should order a size down.",• Fabric weight: 5.9 oz./yd.² (200 g/m²),"Upgrade your wardrobe with this oversized t-shirt made from 100% organic combed ring-spun cotton. It’s designed with dropped shoulders and a wide collar, making it perfect for everyday streetwear outfits. | • Oversized fit","DTF printing [placement file types: back_large_dtf, front_large_dtf, short_sleeve_left_dtf] [blank offers: DTG printing, Embroidery, DTF printing]",https://api.printful.com/store/products/476820616 ; https://api.printful.com/products/823
476831542,Larry Hoover Vintage Bootleg Graphic Tee | Chicago Streetwear Oversized Shirt,Stanley/Stella | SATU020 | Unisex Organic Oversized High Neck Blaster 2.0 T-Shirt | Stanley/Stella SATU020 (catalog id 823),"Upgrade your wardrobe with this oversized t-shirt made from 100% organic combed ring-spun cotton. It’s designed with dropped shoulders and a wide collar, making it perfect for everyday streetwear outfits.

• 100% organic combed ring-spun cotton
• Fabric weight: 5.9 oz./yd.² (200 g/m²)
• Oversized fit
• Set-in sleeves
• Dropped shoulders
• 1 × 1 rib at collar
• Self-fabric neck tape on the inside of the back
• The fabric of this product holds certifications for its organic cotton content under GOTS (Global Organic Textile Standard) and OCS (Organic Content Standard)
• Blank product sourced from Bangladesh

The sizes correspond to a bigger size in the European market, customers from that region should order a size down.",• Fabric weight: 5.9 oz./yd.² (200 g/m²),"Upgrade your wardrobe with this oversized t-shirt made from 100% organic combed ring-spun cotton. It’s designed with dropped shoulders and a wide collar, making it perfect for everyday streetwear outfits. | • Oversized fit","DTF printing [placement file types: back_large_dtf, front_large_dtf, short_sleeve_left_dtf] [blank offers: DTG printing, Embroidery, DTF printing]",https://api.printful.com/store/products/476831542 ; https://api.printful.com/products/823
